anno.patch_date_label,anno.sample_id,anno.res_index_label,name,recording_date,63x_call
2018-01-02,P8S4_180102_351_A01,1.0,Chat-IRES-Cre-neo;Ai14-365769.04.02.01,2018-01-02 21:34:44,63x go
2018-01-02,P8S4_180102_352_A01,0.0,Chat-IRES-Cre-neo;Ai14-365769.04.02.02,2018-01-02 21:56:41,
2018-01-02,P8S4_180102_353_A01,0.745543241426,Chat-IRES-Cre-neo;Ai14-365769.05.02.01,2018-01-02 22:49:10,
2018-01-02,P9S4_180102_401_A01,0.880454162438,Pdyn-T2A-CreERT2;Ai14-366659.04.01.01,2018-01-02 21:08:13,63x go
2018-01-02,P9S4_180102_402_A01,1.0,Chat-IRES-Cre-neo;Ai14-365769.03.01.01,2018-01-02 21:48:56,63x no go
2018-01-02,P9S4_180102_403_A01,1.0,Pdyn-T2A-CreERT2;Ai14-366659.05.01.01,2018-01-02 22:30:24,63x go
2018-01-03,P8S4_180103_351_A01,0.0,Calb2-IRES-Cre;Sst-IRES-FlpO;Ai65-366183.04.02.01,2018-01-03 23:25:54,
2018-01-03,P8S4_180103_352_A01,1.0,Calb2-IRES-Cre;Sst-IRES-FlpO;Ai65-366183.04.02.02,2018-01-03 23:51:16,63x no go
2018-01-03,PAS4_180103_451_A01,0.880454162438,Pdyn-T2A-CreERT2;Ai14-366660.05.02.01,2018-01-03 20:49:43,63x no go
2018-01-03,PAS4_180103_452_A01,0.784887129812,Pdyn-T2A-CreERT2;Ai14-366660.04.02.01,2018-01-03 22:42:05,63x go
2018-01-04,P8S4_180104_351_A01,0.703207783455,Crh-IRES-Cre_ZJH;Sst-IRES-FlpO;Ai65-366034.04.02.01,2018-01-04 21:28:08,
2018-01-05,PAS4_180105_451_A01,0.0,,,
2018-01-08,P2S4_180108_051_A01,0.458637686037,Nos1-CreERT2;Ai14-367206.03.01.01,2018-01-08 18:23:10,
2018-01-08,P2S4_180108_052_A01,0.329975100722,Vipr2-IRES2-Cre;Pvalb-T2A-FlpO;Ai65-367940.03.01.01,2018-01-08 21:46:06,
2018-01-08,P2S4_180108_053_A01,0.0,Chrna2-Cre_OE25;Ai14-367169.04.01.01,2018-01-08 22:46:11,
2018-01-08,P2S4_180108_054_A01,0.609373997145,Chrna2-Cre_OE25;Ai14-367169.04.01.02,2018-01-08 23:24:26,63x go
2018-01-08,P2S4_180108_055_A01,0.0,Chat-IRES-Cre-neo;Ai14-367630.03.02.01,2018-01-09 00:10:57,
2018-01-08,P2S4_180108_056_A01,0.0,Chat-IRES-Cre-neo;Ai14-367630.03.02.02,2018-01-09 00:50:34,
2018-01-08,P8S4_180108_351_A01,0.458637686037,Chrna2-Cre_OE25;Ai14-367169.04.02.01,2018-01-08 21:46:33,
2018-01-08,P8S4_180108_352_A01,0.458637686037,Chrna2-Cre_OE25;Ai14-367169.04.02.02,2018-01-08 22:15:18,
2018-01-08,P8S4_180108_353_A01,1.0,Vipr2-IRES2-Cre;Pvalb-T2A-FlpO;Ai65-367940.02.02.01,2018-01-08 22:55:22,63x go
2018-01-08,P8S4_180108_354_A01,0.703207783455,Chrna2-Cre_OE25;Ai14-367169.03.02.01,2018-01-08 23:50:05,
2018-01-08,P9S4_180108_401_A01,1.0,Nos1-CreERT2;Ai14-367206.04.01.01,2018-01-08 18:21:36,63x go
2018-01-08,P9S4_180108_402_A01,0.458637686037,Nos1-CreERT2;Ai14-367206.04.01.02,2018-01-08 18:49:08,
2018-01-08,P9S4_180108_403_A01,1.0,Chrna2-Cre_OE25;Ai14-367169.03.01.01,2018-01-08 21:45:42,63x no go
2018-01-08,P9S4_180108_404_A01,0.570440612588,Chrna2-Cre_OE25;Ai14-367169.03.01.02,2018-01-08 22:18:26,
2018-01-08,P9S4_180108_405_A01,1.0,Chrna2-Cre_OE25;Ai14-367169.05.02.01,2018-01-08 23:00:57,63x no go
2018-01-08,P9S4_180108_406_A01,0.72440221059,Chrna2-Cre_OE25;Ai14-367169.05.02.02,2018-01-08 23:26:01,
2018-01-08,PAS4_180108_451_A01,1.0,Nos1-CreERT2;Ai14-367206.05.02.01,2018-01-08 18:12:10,63x go
2018-01-08,PAS4_180108_452_A01,0.797260969559,Nos1-CreERT2;Ai14-367206.05.02.02,2018-01-08 18:58:45,63x go
2018-01-08,PAS4_180108_453_A01,0.797260969559,Vipr2-IRES2-Cre;Pvalb-T2A-FlpO;Ai65-367940.04.01.01,2018-01-08 22:03:13,63x no go
2018-01-08,PAS4_180108_454_A01,1.0,Chat-IRES-Cre-neo;Ai14-367630.05.02.01,2018-01-08 23:32:24,63x no go
2018-01-08,PBS4_180108_501_A01,0.609373997145,Chrna2-Cre_OE25;Ai14-367169.05.01.01,2018-01-08 23:00:03,
2018-01-08,PBS4_180108_502_A01,0.329975100722,Chat-IRES-Cre-neo;Ai14-367630.04.01.01,2018-01-09 00:14:26,
2018-01-09,P2S4_180109_051_A01,1.0,Chat-IRES-Cre-neo;Ai14-367631.04.01.01,2018-01-09 18:48:21,63x go
2018-01-09,P2S4_180109_052_A01,0.745543241426,Vipr2-IRES2-Cre;Slc32a1-T2A-FlpO;Ai65-367714.04.01.01,2018-01-09 21:43:22,
2018-01-09,P2S4_180109_053_A01,1.0,Nos1-CreERT2;Ai14-367205.03.02.01,2018-01-10 00:47:26,63x no go
2018-01-09,P8S4_180109_351_A01,0.570440612588,Chat-IRES-Cre-neo;Ai14-367631.04.02.01,2018-01-09 18:38:47,
2018-01-09,P8S4_180109_352_A01,1.0,Vip-IRES-Cre;Ai14-366688.04.02.01,2018-01-09 22:19:54,63x go
2018-01-09,P8S4_180109_353_A01,0.745543241426,Vip-IRES-Cre;Ai14-366688.04.02.02,2018-01-09 22:43:16,
2018-01-09,P8S4_180109_354_A01,1.0,Vip-IRES-Cre;Ai14-366688.04.02.03,2018-01-09 23:09:03,63x go
2018-01-09,P8S4_180109_355_A01,0.770912075574,Vip-IRES-Cre;Ai14-366688.05.02.01,2018-01-09 23:58:18,63x go
2018-01-09,P8S4_180109_356_A01,0.329975100722,Vip-IRES-Cre;Ai14-366688.05.02.02,2018-01-10 00:18:32,
2018-01-09,P9S4_180109_401_A01,0.883049697155,Vip-IRES-Cre;Ai14-366688.04.01.01,2018-01-09 23:25:20,63x go
2018-01-09,P9S4_180109_402_A01,0.329975100722,Vip-IRES-Cre;Ai14-366688.04.01.02,2018-01-09 23:52:56,
2018-01-09,PAS4_180109_451_A01,1.0,Chat-IRES-Cre-neo;Ai14-367631.05.02.01,2018-01-09 18:48:56,63x go
2018-01-09,PAS4_180109_452_A01,0.458637686037,Vipr2-IRES2-Cre;Slc32a1-T2A-FlpO;Ai65-367714.06.02.01,2018-01-09 21:12:54,
2018-01-09,PAS4_180109_453_A01,1.0,Pdyn-T2A-CreERT2;Ai14-367956.05.02.01,2018-01-09 23:30:56,63x no go
2018-01-09,PBS4_180109_501_A01,1.0,,,
2018-01-09,PBS4_180109_502_A01,0.880454162438,Pdyn-T2A-CreERT2;Ai14-367956.03.01.01,2018-01-09 23:45:28,63x no go
2018-01-09,PBS4_180109_503_A01,0.880454162438,Pdyn-T2A-CreERT2;Ai14-367956.03.01.02,2018-01-10 00:07:55,63x go
2018-01-10,P2S4_180110_051_A01,0.329975100722,Chrna2-Cre_OE25;Ai14-367171.04.02.01,2018-01-10 18:22:40,
2018-01-10,P2S4_180110_052_A01,1.0,Chrna2-Cre_OE25;Ai14-367171.04.02.02,2018-01-10 19:00:39,63x no go
2018-01-10,P2S4_180110_053_A01,1.0,Chrna2-Cre_OE25;Ai14-367171.04.02.03,2018-01-10 19:33:48,63x go
2018-01-10,P2S4_180110_054_A01,0.562351238631,Vip-IRES-Cre;Ai14-366689.04.01.01,2018-01-10 21:15:02,
2018-01-10,P2S4_180110_055_A01,0.745543241426,Vip-IRES-Cre;Ai14-366689.04.01.02,2018-01-10 21:50:47,
2018-01-10,P2S4_180110_056_A01,0.795896504885,Vip-IRES-Cre;Ai14-366689.04.01.03,2018-01-10 22:36:53,63x no go
2018-01-10,P8S4_180110_351_A01,0.562351238631,Vip-IRES-Cre;Ai14-366689.03.02.01,2018-01-10 21:12:44,
2018-01-10,P8S4_180110_352_A01,0.458637686037,Vip-IRES-Cre;Ai14-366689.03.02.02,2018-01-10 21:30:28,
2018-01-10,P8S4_180110_353_A01,0.0,Vipr2-IRES2-Cre;Slc32a1-T2A-FlpO;Ai65-368792.04.02.01,2018-01-10 22:13:53,
2018-01-10,P8S4_180110_354_A01,1.0,Vipr2-IRES2-Cre;Slc32a1-T2A-FlpO;Ai65-368792.04.02.02,2018-01-10 22:40:31,63x no go
2018-01-10,P9S4_180110_401_A01,0.0,Chrna2-Cre_OE25;Ai14-367171.04.01.01,2018-01-10 17:54:18,
2018-01-10,P9S4_180110_402_A01,1.0,Vip-IRES-Cre;Ai14-366689.05.01.01,2018-01-10 21:06:32,63x no go
2018-01-10,P9S4_180110_403_A01,0.562351238631,Vip-IRES-Cre;Ai14-366689.05.01.02,2018-01-10 21:30:08,
2018-01-10,PAS4_180110_451_A01,1.0,Chrna2-Cre_OE25;Ai14-367171.05.02.01,2018-01-10 18:30:20,63x no go
2018-01-10,PAS4_180110_452_A01,0.784887129812,Chrna2-Cre_OE25;Ai14-367171.05.02.02,2018-01-10 19:24:07,63x no go
2018-01-10,PAS4_180110_453_A01,0.329975100722,Vip-IRES-Cre;Ai14-366689.05.02.01,2018-01-10 20:57:16,
2018-01-10,PAS4_180110_454_A01,0.329975100722,Vipr2-IRES2-Cre;Slc32a1-T2A-FlpO;Ai65-368792.05.02.01,2018-01-10 23:15:45,
2018-01-10,PBS4_180110_501_A01,0.562351238631,Vip-IRES-Cre;Ai14-366689.04.02.01,2018-01-10 18:51:49,
2018-01-10,PBS4_180110_502_A01,0.562351238631,Vip-IRES-Cre;Ai14-366689.04.02.02,2018-01-10 19:08:20,
2018-01-11,P2S4_180111_051_A01,1.0,Chat-IRES-Cre-neo;Ai14-367632.03.02.01,2018-01-11 18:26:08,63x no go
2018-01-11,P2S4_180111_052_A01,1.0,Chat-IRES-Cre-neo;Ai14-367632.03.02.02,2018-01-11 19:03:59,63x go
2018-01-11,P2S4_180111_053_A01,0.458637686037,Vipr2-IRES2-Cre;Pvalb-T2A-FlpO;Ai65-367943.03.01.01,2018-01-11 19:49:38,
2018-01-11,P8S4_180111_351_A01,0.329975100722,Chat-IRES-Cre-neo;Ai14-367632.04.02.01,2018-01-11 18:32:54,
2018-01-11,P8S4_180111_352_A01,1.0,Chat-IRES-Cre-neo;Ai14-367632.05.02.01,2018-01-11 19:21:35,63x no go
2018-01-11,P8S4_180111_353_A01,0.562351238631,Chat-IRES-Cre-neo;Ai14-367632.05.02.02,2018-01-11 19:45:44,
2018-01-11,P9S4_180111_401_A01,1.0,Chat-IRES-Cre-neo;Ai14-367632.04.01.01,2018-01-11 18:17:14,63x go
2018-01-11,P9S4_180111_402_A01,1.0,Chat-IRES-Cre-neo;Ai14-367632.04.01.02,2018-01-11 18:39:35,63x go
2018-01-11,PAS4_180111_451_A01,1.0,Chat-IRES-Cre-neo;Ai14-367632.06.02.01,2018-01-11 18:50:26,63x no go
2018-01-11,PBS4_180111_501_A01,1.0,Chat-IRES-Cre-neo;Ai14-367632.03.01.01,2018-01-11 18:17:30,63x no go
2018-01-11,PBS4_180111_502_A01,0.562351238631,Chat-IRES-Cre-neo;Ai14-367632.05.01.01,2018-01-11 19:18:07,
2018-01-11,PBS4_180111_503_A01,1.0,Chat-IRES-Cre-neo;Ai14-367632.05.01.02,2018-01-11 19:48:59,63x go
2018-01-11,PBS4_180111_504_A01,0.770912075574,Chat-IRES-Cre-neo;Ai14-367632.05.01.03,2018-01-11 20:20:28,63x go
2018-01-12,P8S4_180112_351_A01,1.0,Chrna2-Cre_OE25;Ai14-367172.04.02.01,2018-01-12 18:47:03,63x no go
2018-01-12,P8S4_180112_352_A01,1.0,Chrna2-Cre_OE25;Ai14-367172.04.02.02,2018-01-12 19:20:13,63x go
2018-01-12,P8S4_180112_353_A01,0.570440612588,,,
2018-01-12,P8S4_180112_354_A01,0.0,Chrna2-Cre_OE25;Ai14-367172.05.02.02,2018-01-12 21:11:36,
2018-01-12,P9S4_180112_403_A01,0.833402657766,Chrna2-Cre_OE25;Ai14-367172.03.01.01,2018-01-12 18:48:25,63x go
2018-01-12,P9S4_180112_404_A01,0.562351238631,Chrna2-Cre_OE25;Ai14-367172.03.01.02,2018-01-12 19:09:54,63x no go
2018-01-12,P9S4_180112_405_A01,0.703207783455,Chrna2-Cre_OE25;Ai14-367172.04.01.01,2018-01-12 21:03:46,
2018-01-12,PAS4_180112_454_A01,0.833402657766,Chrna2-Cre_OE25;Ai14-367172.05.01.01,2018-01-12 20:33:13,63x no go
2018-01-12,PAS4_180112_455_A01,0.703207783455,Chrna2-Cre_OE25;Ai14-367172.05.01.02,2018-01-12 21:00:53,
2018-01-12,P8S4_180112_355_A01,1.0,Nos1-CreERT2;Ai14-367208.04.02.01,2018-01-12 22:13:09,63x go
2018-01-12,PAS4_180112_456_A01,0.329975100722,Nos1-CreERT2;Ai14-367208.06.02.01,2018-01-12 23:04:15,
2018-01-12,P9S4_180112_401_A01,0.609373997145,,,
2018-01-12,P9S4_180112_402_A01,1.0,Chat-IRES-Cre-neo;Ai14-367633.02.01.02,2018-01-12 18:03:03,63x go
2018-01-12,PAS4_180112_451_A01,0.609373997145,,,
2018-01-12,PAS4_180112_452_A01,0.329975100722,Chat-IRES-Cre-neo;Ai14-367633.05.02.02,2018-01-12 18:20:33,
2018-01-12,PAS4_180112_453_A01,1.0,Chat-IRES-Cre-neo;Ai14-367633.05.01.01,2018-01-12 19:14:41,63x go
2018-01-12,PBS4_180112_501_A01,1.0,Chat-IRES-Cre-neo;Ai14-367633.04.02.01,2018-01-12 18:23:59,63x no go
2018-01-12,PBS4_180112_502_A01,1.0,Chat-IRES-Cre-neo;Ai14-367633.04.02.02,2018-01-12 18:50:18,63x go
2018-01-12,PBS4_180112_503_A01,1.0,Chat-IRES-Cre-neo;Ai14-367633.04.02.03,2018-01-12 19:15:34,63x go
2018-01-12,PBS4_180112_504_A01,0.329975100722,,,
2018-01-15,PAS4_180115_455_A01,0.562351238631,Vip-IRES-Cre;Ai14-368553.06.02.01,2018-01-16 00:26:13,
2018-01-15,PAS4_180115_456_A01,1.0,Vip-IRES-Cre;Ai14-368553.05.02.01,2018-01-16 01:20:44,63x no go
2018-01-15,PAS4_180115_451_A01,0.854190686092,Htr3a-Cre_NO152;Ai14-368658.06.02.01,2018-01-15 18:30:24,63x no go
2018-01-15,PAS4_180115_452_A01,0.797260969559,Htr3a-Cre_NO152;Ai14-368658.05.02.01,2018-01-15 19:49:01,63x go
2018-01-15,PAS4_180115_453_A01,0.688578426527,Htr3a-Cre_NO152;Ai14-368659.06.02.01,2018-01-15 20:48:44,
2018-01-15,P9S4_180115_401_A01,1.0,Sst-IRES-Cre;Ai14-368770.04.01.01,2018-01-15 21:00:25,63x go
2018-01-15,P9S4_180115_402_A01,0.703207783455,Sst-IRES-Cre;Ai14-368770.04.01.02,2018-01-15 21:19:56,
2018-01-15,PAS4_180115_454_A01,0.483140671093,Sst-IRES-Cre;Ai14-368770.04.02.01,2018-01-15 23:14:30,
2018-01-16,PAS4_180116_452_A01,1.0,Sst-IRES-Cre;Ai14-368771.06.02.01,2018-01-16 21:12:28,63x go
2018-01-16,PAS4_180116_453_A01,1.0,Sst-IRES-Cre;Ai14-368771.05.02.01,2018-01-16 23:47:37,63x go
2018-01-16,PXS4_180116_451_A01,1.0,,,
2018-01-17,P8S4_180117_351_A01,1.0,Vip-IRES-Cre;Ai14-368556.04.02.01,2018-01-17 22:48:47,63x go
2018-01-17,P8S4_180117_352_A01,0.745543241426,Vip-IRES-Cre;Ai14-368556.03.02.01,2018-01-17 23:38:33,
2018-01-17,P9S4_180117_401_A01,1.0,Ndnf-IRES2-dgCre;Ai14-368853.03.01.01,2018-01-17 21:09:17,63x no go
2018-01-17,P9S4_180117_402_A01,1.0,Ndnf-IRES2-dgCre;Ai14-368853.04.01.01,2018-01-17 21:58:26,63x go
2018-01-17,PAS4_180117_451_A01,1.0,Ndnf-IRES2-dgCre;Ai14-368852.05.01.01,2018-01-17 19:42:36,63x go
2018-01-17,PBS4_180117_501_A01,0.562351238631,Ndnf-IRES2-dgCre;Ai14-368853.03.02.01,2018-01-17 22:56:16,
2018-01-17,PBS4_180117_502_A01,0.0,Vip-IRES-Cre;Ai14-368556.03.01.01,2018-01-18 00:36:42,
2018-01-18,P9S4_180118_403_A01,0.483140671093,Th-Cre_FI172;Ai14-363500.05.01.01,2018-01-18 19:18:30,
2018-01-18,PAS4_180118_453_A01,0.132003134637,Th-Cre_FI172;Ai14-363500.06.02.01,2018-01-18 19:56:36,
2018-01-18,PAS4_180118_454_A01,1.0,Chat-IRES-Cre-neo;Ai14-367634.05.02.01,2018-01-18 23:20:02,63x go
2018-01-18,PAS4_180118_455_A01,0.770912075574,Chat-IRES-Cre-neo;Ai14-367634.05.01.01,2018-01-19 00:54:41,63x go
2018-01-18,PAS4_180118_456_A01,1.0,Chat-IRES-Cre-neo;Ai14-367634.04.02.01,2018-01-19 01:39:27,63x no go
2018-01-18,P2S4_180118_051_A01,1.0,Sst-IRES-Cre;Ai14-370041.03.02.01,2018-01-18 18:15:30,63x go
2018-01-18,P2S4_180118_052_A01,1.0,Sst-IRES-Cre;Ai14-370041.03.02.02,2018-01-18 19:27:53,63x go
2018-01-18,P8S4_180118_351_A01,1.0,Sst-IRES-Cre;Ai14-370041.04.02.01,2018-01-18 17:49:52,63x go
2018-01-18,P8S4_180118_352_A01,0.132003134637,Sst-IRES-Cre;Ai14-370041.04.02.02,2018-01-18 18:11:28,
2018-01-18,P8S4_180118_353_A01,1.0,Sst-IRES-Cre;Ai14-370041.05.02.01,2018-01-18 19:22:35,63x no go
2018-01-18,P9S4_180118_401_A01,0.570440612588,Sst-IRES-Cre;Ai14-370041.02.01.01,2018-01-18 18:08:53,
2018-01-18,P9S4_180118_402_A01,0.458637686037,Sst-IRES-Cre;Ai14-370041.02.01.02,2018-01-18 18:29:06,
2018-01-18,PAS4_180118_451_A01,1.0,Sst-IRES-Cre;Ai14-370041.06.02.01,2018-01-18 18:39:34,63x go
2018-01-18,PAS4_180118_452_A01,1.0,Sst-IRES-Cre;Ai14-370041.06.02.02,2018-01-18 19:04:02,63x go
2018-01-18,PBS4_180118_501_A01,0.132003134637,Sst-IRES-Cre;Ai14-370041.03.01.01,2018-01-18 18:14:09,
2018-01-18,PBS4_180118_502_A01,1.0,Sst-IRES-Cre;Ai14-370041.03.01.02,2018-01-18 19:03:33,63x go
2018-01-19,P2S4_180119_051_A01,1.0,Sst-IRES-Cre;Ai14-368545.02.02.01,2018-01-19 18:18:41,63x go
2018-01-19,P2S4_180119_052_A01,1.0,Sst-IRES-Cre;Ai14-368545.02.02.02,2018-01-19 19:08:26,63x go
2018-01-19,P2S4_180119_053_A01,1.0,Sst-IRES-Cre;Ai14-368545.02.02.03,2018-01-19 19:42:20,63x go
2018-01-19,P2S4_180119_054_A01,1.0,Th-Cre_FI172;Ai14-363501.03.02.01,2018-01-19 21:56:07,63x no go
2018-01-19,P2S4_180119_055_A01,0.797260969559,Th-Cre_FI172;Ai14-363501.03.02.02,2018-01-19 22:27:35,63x no go
2018-01-19,P8S4_180119_351_A01,1.0,Sst-IRES-Cre;Ai14-368545.04.02.01,2018-01-19 17:53:37,63x go
2018-01-19,P8S4_180119_352_A01,0.784887129812,Sst-IRES-Cre;Ai14-368545.04.02.02,2018-01-19 18:18:12,63x no go
2018-01-19,P8S4_180119_353_A01,0.703207783455,Sst-IRES-Cre;Ai14-368545.03.02.01,2018-01-19 18:59:23,
2018-01-19,P8S4_180119_354_A01,1.0,Sst-IRES-Cre;Ai14-368545.03.02.02,2018-01-19 19:18:53,63x no go
2018-01-19,P8S4_180119_355_A01,1.0,Th-Cre_FI172;Ai14-363501.04.02.01,2018-01-19 21:14:09,63x no go
2018-01-19,P9S4_180119_401_A01,1.0,Th-Cre_FI172;Ai14-363501.04.01.01,2018-01-19 21:12:53,63x go
2018-01-19,P9S4_180119_402_A01,0.458637686037,Th-Cre_FI172;Ai14-363501.03.01.01,2018-01-19 21:44:05,
2018-01-19,PBS4_180119_501_A01,0.712858350661,Sst-IRES-Cre;Ai14-368545.03.01.01,2018-01-19 19:26:41,63x no go
2018-01-19,PBS4_180119_502_A01,1.0,Sst-IRES-Cre;Ai14-368545.03.01.02,2018-01-19 20:04:09,63x no go
2018-01-19,PBS4_180119_503_A01,0.761111411037,Sst-IRES-Cre;Ai14-368545.03.01.03,2018-01-19 20:37:15,63x no go
2018-01-19,PBS4_180119_504_A01,0.483140671093,Th-Cre_FI172;Ai14-363501.02.01.01,2018-01-19 21:55:10,
2018-01-22,P2S4_180122_051_A01,0.912283928104,Slc17a8-IRES2-Cre;Slc32a1-IRES2-FlpO;Ai65-365757.03.01.01,2018-01-22 19:27:03,63x go
2018-01-22,P2S4_180122_052_A01,0.827677170647,Slc17a8-IRES2-Cre;Slc32a1-IRES2-FlpO;Ai65-365757.03.01.02,2018-01-22 20:39:24,63x go
2018-01-22,P2S4_180122_053_A01,1.0,Htr3a-Cre_NO152;Ai14-368860.03.02.01,2018-01-22 22:40:15,63x go
2018-01-22,P2S4_180122_054_A01,1.0,Tac1-IRES2-Cre;Sst-IRES-FlpO;Ai65-370362.02.01.01,2018-01-23 00:33:27,63x go
2018-01-22,P2S4_180122_055_A01,0.872647964636,Sst-IRES-Cre;Ai14-368549.03.02.01,2018-01-23 01:20:22,63x go
2018-01-22,P2S4_180122_056_A01,1.0,Sst-IRES-Cre;Ai14-368549.03.02.02,2018-01-23 01:49:50,63x go
2018-01-22,P8S4_180122_351_A01,0.827677170647,Slc17a8-IRES2-Cre;Slc32a1-IRES2-FlpO;Ai65-365757.04.02.01,2018-01-22 17:54:17,63x go
2018-01-22,P8S4_180122_352_A01,0.703207783455,Slc17a8-IRES2-Cre;Slc32a1-IRES2-FlpO;Ai65-365757.04.02.02,2018-01-22 18:21:28,
2018-01-22,P8S4_180122_353_A01,0.329975100722,Htr3a-Cre_NO152;Ai14-368860.04.02.01,2018-01-22 18:56:59,
2018-01-22,P8S4_180122_354_A01,1.0,Htr3a-Cre_NO152;Ai14-368860.04.02.02,2018-01-22 19:20:45,63x no go
2018-01-22,P8S4_180122_355_A01,1.0,Tac1-IRES2-Cre;Sst-IRES-FlpO;Ai65-370362.04.02.01,2018-01-22 21:26:09,63x go
2018-01-22,P8S4_180122_356_A01,0.872647964636,Tac1-IRES2-Cre;Sst-IRES-FlpO;Ai65-370362.03.02.01,2018-01-22 22:43:42,63x go
2018-01-22,P8S4_180122_357_A01,1.0,Sst-IRES-Cre;Ai14-368549.04.02.01,2018-01-22 23:26:09,63x go
2018-01-22,P9S4_180122_401_A01,0.458637686037,Slc17a8-IRES2-Cre;Slc32a1-IRES2-FlpO;Ai65-365757.02.01.01,2018-01-22 18:01:15,
2018-01-22,P9S4_180122_402_A01,1.0,Slc17a8-IRES2-Cre;Slc32a1-IRES2-FlpO;Ai65-365757.02.01.02,2018-01-22 18:19:57,63x go
2018-01-22,P9S4_180122_403_A01,0.132003134637,Slc17a8-IRES2-Cre;Slc32a1-IRES2-FlpO;Ai65-365757.04.01.01,2018-01-22 18:49:40,
2018-01-22,P9S4_180122_404_A01,0.458637686037,Tac1-IRES2-Cre;Sst-IRES-FlpO;Ai65-370362.04.01.01,2018-01-22 21:22:24,
2018-01-22,P9S4_180122_405_A01,1.0,Sst-IRES-Cre;Ai14-368549.03.01.01,2018-01-22 21:52:13,63x go
2018-01-22,P9S4_180122_406_A01,1.0,Sst-IRES-Cre;Ai14-368549.03.01.02,2018-01-22 22:17:45,63x no go
2018-01-22,PAS4_180122_451_A01,0.458637686037,Slc17a8-IRES2-Cre;Slc32a1-IRES2-FlpO;Ai65-365757.05.02.01,2018-01-22 18:06:15,
2018-01-22,PAS4_180122_452_A01,1.0,Htr3a-Cre_NO152;Ai14-368860.05.01.01,2018-01-22 20:30:07,63x go
2018-01-22,PAS4_180122_453_A01,0.880454162438,Sst-IRES-Cre;Ai14-368549.05.02.01,2018-01-22 22:56:03,63x no go
2018-01-22,PBS4_180122_501_A01,0.877796521074,Slc17a8-IRES2-Cre;Slc32a1-IRES2-FlpO;Ai65-365757.03.02.01,2018-01-22 18:24:11,
2018-01-22,PBS4_180122_502_A01,1.0,Tac1-IRES2-Cre;Sst-IRES-FlpO;Ai65-370362.05.01.01,2018-01-22 22:46:24,63x go
2018-01-22,PBS4_180122_503_A01,1.0,Sst-IRES-Cre;Ai14-368549.04.01.01,2018-01-22 23:57:25,63x go
2018-01-23,P8S4_180123_351_A01,1.0,Ndnf-IRES2-dgCre;Slc32a1-IRES2-FlpO;Ai65-368761.04.02.01,2018-01-23 17:41:45,
2018-01-23,P8S4_180123_352_A01,0.483140671093,Ndnf-IRES2-dgCre;Slc32a1-IRES2-FlpO;Ai65-368761.03.02.01,2018-01-23 18:24:31,
2018-01-23,P2S4_180123_051_A01,0.562351238631,Vip-IRES-Cre;Ai14-370735.03.02.01,2018-01-24 01:14:01,
2018-01-23,P2S4_180123_052_A01,0.745543241426,Vip-IRES-Cre;Ai14-370735.03.02.02,2018-01-24 01:49:29,63x go
2018-01-23,P9S4_180123_401_A01,1.0,Ndnf-IRES2-dgCre;Slc32a1-IRES2-FlpO;Ai65-368761.04.01.01,2018-01-23 17:53:51,63x go
2018-01-23,P9S4_180123_402_A01,0.72440221059,Ndnf-IRES2-dgCre;Slc32a1-IRES2-FlpO;Ai65-368761.05.01.01,2018-01-23 18:39:56,63x no go
2018-01-23,P9S4_180123_403_A01,1.0,Ndnf-IRES2-dgCre;Slc32a1-IRES2-FlpO;Ai65-368761.05.01.02,2018-01-23 18:57:25,
2018-01-23,P9S4_180123_404_A01,1.0,Htr3a-Cre_NO152;Ai14-368861.05.01.01,2018-01-23 21:42:36,
2018-01-23,P9S4_180123_405_A01,0.688578426527,Htr3a-Cre_NO152;Ai14-368861.05.01.02,2018-01-23 22:17:10,
2018-01-23,PAS4_180123_451_A01,1.0,Ndnf-IRES2-dgCre;Slc32a1-IRES2-FlpO;Ai65-368761.05.02.01,2018-01-23 17:57:07,63x go
2018-01-23,PAS4_180123_452_A01,1.0,Ndnf-IRES2-dgCre;Slc32a1-IRES2-FlpO;Ai65-368761.05.02.02,2018-01-23 18:47:13,63x go
2018-01-23,PAS4_180123_453_A01,0.688578426527,Htr3a-Cre_NO152;Ai14-368861.05.02.01,2018-01-23 23:54:11,
2018-01-23,PAS4_180123_454_A01,1.0,Htr3a-Cre_NO152;Ai14-368861.06.02.01,2018-01-24 01:17:06,63x no go
2018-01-23,PBS4_180123_501_A01,1.0,Ndnf-IRES2-dgCre;Slc32a1-IRES2-FlpO;Ai65-368761.06.02.01,2018-01-23 19:32:55,63x go
2018-01-24,P8S4_180124_351_A01,0.797260969559,Oxtr-T2A-Cre;Pvalb-T2A-FlpO;Ai65-370680.04.02.01,2018-01-24 18:23:58,63x go
2018-01-24,P8S4_180124_352_A01,1.0,Pvalb-IRES-Cre;Ai14-370501.04.02.01,2018-01-24 22:03:16,63x no go
2018-01-24,P8S4_180124_353_A01,0.458637686037,Pvalb-IRES-Cre;Ai14-370501.04.02.02,2018-01-24 22:32:29,
2018-01-24,P8S4_180124_354_A01,1.0,Htr3a-Cre_NO152;Ai14-368863.05.02.01,2018-01-24 23:28:16,63x no go
2018-01-24,P8S4_180124_355_A01,0.745543241426,Htr3a-Cre_NO152;Ai14-368863.05.02.02,2018-01-24 23:55:03,
2018-01-24,P8S4_180124_356_A01,1.0,Htr3a-Cre_NO152;Ai14-368863.04.02.01,2018-01-25 00:51:35,63x no go
2018-01-24,P8S4_180124_357_A01,0.688578426527,Htr3a-Cre_NO152;Ai14-368863.04.02.02,2018-01-25 01:22:38,
2018-01-24,P9S4_180124_401_A01,0.458637686037,Oxtr-T2A-Cre;Pvalb-T2A-FlpO;Ai65-370680.03.01.01,2018-01-24 18:29:25,
2018-01-24,P9S4_180124_403_A01,0.688578426527,Htr3a-Cre_NO152;Ai14-368862.05.01.01,2018-01-24 21:29:47,
2018-01-24,P9S4_180124_404_A01,1.0,Htr3a-Cre_NO152;Ai14-368862.05.01.02,2018-01-24 21:49:59,63x no go
2018-01-24,P9S4_180124_405_A01,1.0,Htr3a-Cre_NO152;Ai14-368863.04.01.01,2018-01-24 22:38:48,
2018-01-24,P9S4_180124_406_A01,0.688578426527,Htr3a-Cre_NO152;Ai14-368863.04.01.02,2018-01-24 23:07:31,
2018-01-24,PAS4_180124_451_A01,0.0,Pvalb-IRES-Cre;Ai14-370501.01.01.01,2018-01-24 18:50:00,
2018-01-24,PAS4_180124_452_A01,1.0,Htr3a-Cre_NO152;Ai14-368862.05.02.01,2018-01-24 21:43:46,63x go
2018-01-24,PAS4_180124_453_A01,0.688578426527,Htr3a-Cre_NO152;Ai14-368862.06.02.01,2018-01-24 23:03:51,
2018-01-24,PAS4_180124_454_A01,1.0,Htr3a-Cre_NO152;Ai14-368862.06.01.01,2018-01-24 23:55:33,63x go
2018-01-24,PBS4_180124_501_A01,0.877796521074,Pvalb-IRES-Cre;Ai14-370501.03.02.01,2018-01-24 21:36:53,63x no go
2018-01-24,PBS4_180124_502_A01,0.458637686037,Htr3a-Cre_NO152;Ai14-368863.03.01.01,2018-01-24 22:51:04,
2018-01-24,PBS4_180124_503_A01,0.745543241426,Htr3a-Cre_NO152;Ai14-368863.06.02.01,2018-01-24 23:50:47,
2018-01-25,P2S4_180125_051_A01,0.797260969559,Oxtr-T2A-Cre;Pvalb-T2A-FlpO;Ai65-370683.02.01.01,2018-01-25 19:49:35,63x go
2018-01-25,P8S4_180125_351_A01,0.483140671093,Oxtr-T2A-Cre;Pvalb-T2A-FlpO;Ai65-370683.04.02.01,2018-01-25 18:20:43,
2018-01-25,P8S4_180125_352_A01,0.912283928104,Oxtr-T2A-Cre;Pvalb-T2A-FlpO;Ai65-370683.04.02.02,2018-01-25 18:52:14,63x no go
2018-01-25,P9S4_180125_401_A01,0.458637686037,Oxtr-T2A-Cre;Pvalb-T2A-FlpO;Ai65-370683.04.01.01,2018-01-25 18:35:34,
2018-01-25,P9S4_180125_402_A01,0.688578426527,Htr3a-Cre_NO152;Ai14-368864.02.01.01,2018-01-25 19:12:11,
2018-01-25,P9S4_180125_403_A01,0.688578426527,Htr3a-Cre_NO152;Ai14-368864.02.01.02,2018-01-25 19:35:07,
2018-01-25,PAS4_180125_451_A01,0.912283928104,Oxtr-T2A-Cre;Pvalb-T2A-FlpO;Ai65-370683.06.01.01,2018-01-25 18:32:36,63x go
2018-01-25,PAS4_180125_452_A01,0.0,Oxtr-T2A-Cre;Pvalb-T2A-FlpO;Ai65-370683.05.01.01,2018-01-25 20:05:13,
2018-01-25,PBS4_180125_501_A01,0.329975100722,Oxtr-T2A-Cre;Pvalb-T2A-FlpO;Ai65-370683.03.02.01,2018-01-25 19:01:06,
2018-01-26,P2S4_180126_051_A01,0.483140671093,Tac1-IRES2-Cre;Sst-IRES-FlpO;Ai65-370361.05.01.01,2018-01-26 18:19:19,
2018-01-26,P2S4_180126_052_A01,1.0,Vip-IRES-Cre;Ai14-370739.04.01.01,2018-01-26 20:47:36,63x go
2018-01-26,P2S4_180126_053_A01,1.0,Htr3a-Cre_NO152;Ai14-368865.03.02.01,2018-01-26 23:25:32,63x no go
2018-01-26,P2S4_180126_054_A01,0.770912075574,Htr3a-Cre_NO152;Ai14-368865.03.02.02,2018-01-27 00:01:09,63x go
2018-01-26,P2S4_180126_055_A01,0.329975100722,Vip-IRES-Cre;Ai14-370736.03.02.01,2018-01-27 01:04:36,
2018-01-26,P2S4_180126_056_A01,1.0,Vip-IRES-Cre;Ai14-370736.03.02.02,2018-01-27 01:55:25,63x no go
2018-01-26,P9S4_180126_401_A01,1.0,Tac1-IRES2-Cre;Sst-IRES-FlpO;Ai65-370361.02.01.01,2018-01-26 18:19:23,63x go
2018-01-26,P9S4_180126_402_A01,1.0,Htr3a-Cre_NO152;Ai14-368865.03.01.01,2018-01-26 21:10:23,63x no go
2018-01-26,P9S4_180126_403_A01,0.562351238631,Htr3a-Cre_NO152;Ai14-368865.03.01.02,2018-01-26 21:47:16,
2018-01-26,P9S4_180126_404_A01,0.745543241426,Vip-IRES-Cre;Ai14-370736.03.01.01,2018-01-26 22:38:17,
2018-01-26,P9S4_180126_405_A01,0.562351238631,Vip-IRES-Cre;Ai14-370736.03.01.02,2018-01-26 23:02:03,
2018-01-26,PAS4_180126_451_A01,0.770912075574,Vip-IRES-Cre;Ai14-370736.05.02.01,2018-01-26 21:37:04,63x go
2018-01-29,P1S4_180129_001_A01,0.329975100722,Nos1-CreERT2;Sst-IRES-FlpO;Ai65-372260.02.01.01,2018-01-29 18:59:39,
2018-01-29,P1S4_180129_002_A01,1.0,Sst-IRES-Cre;Ai14-372545.03.01.01,2018-01-29 21:09:38,63x go
2018-01-29,P1S4_180129_003_A01,1.0,Sst-IRES-Cre;Ai14-372545.03.01.02,2018-01-29 21:30:33,63x go
2018-01-29,P1S4_180129_004_A01,1.0,Sst-IRES-Cre;Ai14-372545.03.01.03,2018-01-29 21:50:35,63x go
2018-01-29,P1S4_180129_005_A01,1.0,Sst-IRES-Cre;Ai14-372545.03.01.04,2018-01-29 22:23:25,63x no go
2018-01-29,P2S4_180129_051_A01,1.0,Nos1-CreERT2;Sst-IRES-FlpO;Ai65-372260.03.02.01,2018-01-29 21:17:12,63x go
2018-01-29,P2S4_180129_052_A01,1.0,Sst-IRES-Cre;Ai14-372545.04.02.01,2018-01-29 22:28:53,63x no go
2018-01-29,P2S4_180129_053_A01,0.329975100722,Chat-IRES-Cre-neo;Ai14-372434.03.01.01,2018-01-30 00:45:07,
2018-01-29,P9S4_180129_401_A01,1.0,Nos1-CreERT2;Sst-IRES-FlpO;Ai65-372260.04.01.01,2018-01-29 17:48:56,63x go
2018-01-29,P9S4_180129_402_A01,1.0,Nos1-CreERT2;Sst-IRES-FlpO;Ai65-372260.05.01.01,2018-01-29 18:34:52,63x go
2018-01-29,P9S4_180129_403_A01,0.329975100722,Vip-IRES-Cre;Ai14-370742.04.02.01,2018-01-29 20:33:46,
2018-01-29,P9S4_180129_404_A01,1.0,Sst-IRES-Cre;Ai14-372545.04.01.01,2018-01-29 21:23:17,63x go
2018-01-29,P9S4_180129_405_A01,0.483140671093,Sst-IRES-Cre;Ai14-372545.04.01.02,2018-01-29 21:50:28,63x go
2018-01-29,PAS4_180129_451_A01,1.0,Nos1-CreERT2;Sst-IRES-FlpO;Ai65-372260.06.01.01,2018-01-29 21:12:10,63x go
2018-01-29,PAS4_180129_452_A01,1.0,Chat-IRES-Cre-neo;Ai14-372433.05.02.01,2018-01-29 23:06:06,63x go
2018-01-30,P1S4_180130_001_A01,0.483140671093,Sst-IRES-Cre;Ai14-372546.03.01.01,2018-01-30 18:23:07,
2018-01-30,P1S4_180130_002_A01,0.761111411037,Sst-IRES-Cre;Ai14-372546.03.01.02,2018-01-30 19:22:16,
2018-01-30,P2S4_180130_051_A01,0.688578426527,Htr3a-Cre_NO152;Ai14-372795.03.01.01,2018-01-30 23:07:37,
2018-01-30,P2S4_180130_052_A01,1.0,Htr3a-Cre_NO152;Ai14-372795.03.01.02,2018-01-30 23:39:41,63x no go
2018-01-30,P2S4_180130_053_A01,0.750591919695,Chrna2-Cre_OE25;Ai14-372686.04.01.01,2018-01-31 00:59:40,63x no go
2018-01-30,P2S4_180130_054_A01,0.523214685339,Chrna2-Cre_OE25;Ai14-372686.04.01.02,2018-01-31 01:29:37,
2018-01-30,P8S4_180130_351_A01,1.0,Sst-IRES-Cre;Ai14-372546.04.02.01,2018-01-30 17:58:54,63x no go
2018-01-30,P8S4_180130_352_A01,1.0,Sst-IRES-Cre;Ai14-372546.05.02.01,2018-01-30 18:51:11,
2018-01-30,P8S4_180130_353_A01,0.562351238631,Htr3a-Cre_NO152;Ai14-372795.04.02.01,2018-01-30 22:09:00,
2018-01-30,P8S4_180130_354_A01,1.0,Chat-IRES-Cre-neo;Ai14-372435.04.02.01,2018-01-30 23:29:05,63x go
2018-01-30,P9S4_180130_401_A01,1.0,Htr3a-Cre_NO152;Ai14-372795.04.01.01,2018-01-30 22:02:12,63x no go
2018-01-30,PAS4_180130_451_A01,0.458637686037,Htr3a-Cre_NO152;Ai14-372795.06.02.01,2018-01-30 22:46:10,
2018-01-31,P1S4_180131_001_A01,0.784887129812,Sst-IRES-Cre;Ai14-372548.03.01.01,2018-01-31 18:09:56,
2018-01-31,P1S4_180131_002_A01,0.761111411037,Sst-IRES-Cre;Ai14-372548.03.01.02,2018-01-31 18:24:24,63x go
2018-01-31,P1S4_180131_003_A01,1.0,Sst-IRES-Cre;Ai14-372548.03.01.03,2018-01-31 18:40:22,63x go
2018-01-31,P1S4_180131_004_A01,1.0,Sst-IRES-Cre;Ai14-372548.03.01.04,2018-01-31 18:54:05,63x no go
2018-01-31,P2S4_180131_051_A01,0.458637686037,Pdyn-T2A-CreERT2;Ai14-373524.03.02.01,2018-01-31 22:06:51,
2018-01-31,P2S4_180131_052_A01,0.329975100722,Pdyn-T2A-CreERT2;Ai14-373524.03.01.01,2018-01-31 23:16:03,
2018-01-31,P2S4_180131_053_A01,0.880454162438,Pdyn-T2A-CreERT2;Ai14-373524.03.01.02,2018-01-31 23:53:33,
2018-01-31,P8S4_180131_351_A01,0.483140671093,Sst-IRES-Cre;Ai14-372548.04.02.01,2018-01-31 17:53:53,
2018-01-31,P8S4_180131_352_A01,0.761111411037,Sst-IRES-Cre;Ai14-372548.04.02.02,2018-01-31 18:20:00,
2018-01-31,P8S4_180131_353_A01,1.0,Sst-IRES-Cre;Ai14-372548.05.02.01,2018-01-31 18:55:42,63x go
2018-01-31,P8S4_180131_354_A01,0.483140671093,Pdyn-T2A-CreERT2;Ai14-373524.04.02.01,2018-01-31 21:10:36,
2018-01-31,P8S4_180131_355_A01,1.0,Pdyn-T2A-CreERT2;Ai14-373524.05.02.01,2018-01-31 22:29:18,63x no go
2018-01-31,P9S4_180131_401_A01,1.0,Sst-IRES-Cre;Ai14-372548.04.01.01,2018-01-31 17:49:21,63x go
2018-01-31,P9S4_180131_402_A01,0.483140671093,Oxtr-T2A-Cre;Ai14-370509.03.01.01,2018-01-31 18:31:06,
2018-01-31,P9S4_180131_403_A01,0.770912075574,Chat-IRES-Cre-neo;Ai14-372436.03.01.01,2018-01-31 23:42:29,63x no go
2018-01-31,PAS4_180131_451_A01,0.458637686037,Sst-IRES-Cre;Ai14-372548.05.01.01,2018-01-31 19:21:45,
2018-01-31,PAS4_180131_452_A01,1.0,Pdyn-T2A-CreERT2;Ai14-373524.05.01.01,2018-01-31 22:42:40,63x go
2018-01-31,PAS4_180131_453_A01,0.78351045703,Chrna2-Cre_OE25;Ai14-372684.05.02.01,2018-01-31 23:38:53,
2018-02-01,P1S4_180201_001_A01,0.863473367922,Chat-IRES-Cre-neo;Ai14-372437.04.01.01,2018-02-01 21:28:18,63x no go
2018-02-01,P1S4_180201_002_A01,1.0,Chat-IRES-Cre-neo;Ai14-372437.04.01.02,2018-02-01 21:53:03,63x go
2018-02-01,P1S4_180201_003_A01,0.329975100722,,,
2018-02-01,P8S4_180201_351_A01,0.770912075574,Chat-IRES-Cre-neo;Ai14-372437.05.02.01,2018-02-01 21:16:25,63x no go
2018-02-01,P8S4_180201_352_A01,0.458637686037,Chat-IRES-Cre-neo;Ai14-372437.04.02.01,2018-02-01 21:53:13,
2018-02-01,P9S4_180201_401_A01,0.562351238631,Htr3a-Cre_NO152;Ai14-372798.04.01.01,2018-02-01 18:50:45,
2018-02-01,PAS4_180201_451_A01,1.0,Htr3a-Cre_NO152;Ai14-372798.06.02.01,2018-02-01 19:22:44,63x go
2018-02-01,PAS4_180201_452_A01,0.609373997145,Chat-IRES-Cre-neo;Ai14-372437.06.01.01,2018-02-01 23:10:41,
2018-02-02,P1S4_180202_001_A01,0.761111411037,Sst-IRES-Cre;Ai14-372549.03.01.01,2018-02-02 18:19:57,63x no go
2018-02-02,P1S4_180202_002_A01,0.880454162438,Sst-IRES-Cre;Ai14-372549.03.01.02,2018-02-02 18:32:29,63x no go
2018-02-02,P1S4_180202_003_A01,0.784887129812,Sst-IRES-Cre;Ai14-372549.03.01.03,2018-02-02 18:56:59,63x no go
2018-02-02,P1S4_180202_004_A01,1.0,Sst-IRES-Cre;Ai14-372549.03.01.04,2018-02-02 19:12:02,63x no go
2018-02-02,P2S4_180202_051_A01,0.483140671093,Chrna2-Cre_OE25;Ai14-372685.03.01.01,2018-02-02 22:36:10,
2018-02-02,P2S4_180202_052_A01,0.329975100722,Chat-IRES-Cre-neo;Ai14-372438.04.01.01,2018-02-03 00:50:35,
2018-02-02,P2S4_180202_053_A01,1.0,Chat-IRES-Cre-neo;Ai14-372438.04.01.02,2018-02-03 01:21:03,63x go
2018-02-02,P8S4_180202_351_A01,1.0,Sst-IRES-Cre;Ai14-372549.04.02.01,2018-02-02 18:06:27,63x no go
2018-02-02,P8S4_180202_352_A01,1.0,Sst-IRES-Cre;Ai14-372549.05.02.01,2018-02-02 18:56:33,63x go
2018-02-02,P8S4_180202_353_A01,0.483140671093,Sst-IRES-Cre;Ai14-372549.05.02.02,2018-02-02 19:17:42,
2018-02-02,P8S4_180202_354_A01,0.890240234977,Chrna2-Cre_OE25;Ai14-372685.03.02.01,2018-02-02 21:49:02,63x go
2018-02-02,PAS4_180202_451_A01,0.329975100722,Sst-IRES-Cre;Ai14-372549.06.02.01,2018-02-02 18:10:40,
2018-02-02,PAS4_180202_452_A01,1.0,Sst-IRES-Cre;Ai14-372549.06.02.02,2018-02-02 18:48:02,63x go
2018-02-02,PAS4_180202_453_A01,0.750591919695,Oxtr-T2A-Cre;Ai14-370512.06.02.01,2018-02-02 20:02:11,
2018-02-02,PBS4_180202_501_A01,0.483140671093,Sst-IRES-Cre;Ai14-372549.03.02.01,2018-02-02 17:54:14,
2018-02-05,P1S4_180205_001_A01,0.703207783455,Crh-IRES-Cre_ZJH;Sst-IRES-FlpO;Ai65-374736.03.01.01,2018-02-05 19:02:44,
2018-02-05,P1S4_180205_002_A01,0.703207783455,Crh-IRES-Cre_ZJH;Sst-IRES-FlpO;Ai65-374736.03.01.02,2018-02-05 19:19:22,
2018-02-05,P1S4_180205_003_A01,0.795896504885,Vip-IRES-Cre;Ai14-373812.03.01.01,2018-02-05 21:36:45,63x no go
2018-02-05,P1S4_180205_004_A01,0.0,Vip-IRES-Cre;Ai14-373812.03.01.02,2018-02-05 22:25:21,
2018-02-05,P2S4_180205_051_A01,1.0,Crh-IRES-Cre_ZJH;Sst-IRES-FlpO;Ai65-374736.03.02.01,2018-02-05 19:16:12,63x go
2018-02-05,P2S4_180205_052_A01,0.703207783455,Crh-IRES-Cre_ZJH;Sst-IRES-FlpO;Ai65-374736.03.02.02,2018-02-05 20:03:16,
2018-02-05,P2S4_180205_053_A01,0.0,Vip-IRES-Cre;Ai14-373812.03.02.01,2018-02-05 22:00:33,
2018-02-05,P2S4_180205_054_A01,0.745543241426,Vip-IRES-Cre;Ai14-373812.03.02.02,2018-02-05 22:37:08,
2018-02-05,P2S4_180205_055_A01,1.0,Chat-IRES-Cre-neo;Ai14-373623.04.01.01,2018-02-05 23:54:44,63x go
2018-02-05,P2S4_180205_056_A01,0.329975100722,Chat-IRES-Cre-neo;Ai14-373623.04.01.02,2018-02-06 00:37:34,
2018-02-05,P8S4_180205_351_A01,0.329975100722,Crh-IRES-Cre_ZJH;Sst-IRES-FlpO;Ai65-374736.05.02.01,2018-02-05 20:11:57,
2018-02-05,P8S4_180205_352_A01,0.329975100722,Vip-IRES-Cre;Ai14-373812.04.02.01,2018-02-05 22:05:05,
2018-02-05,P8S4_180205_353_A01,1.0,Vip-IRES-Cre;Ai14-373812.05.02.01,2018-02-05 22:33:13,63x go
2018-02-05,P8S4_180205_354_A01,0.863473367922,Vip-IRES-Cre;Ai14-373812.05.02.02,2018-02-05 22:58:09,63x no go
2018-02-05,P8S4_180205_355_A01,1.0,Chat-IRES-Cre-neo;Ai14-373623.05.02.01,2018-02-05 23:40:15,63x go
2018-02-05,PAS4_180205_451_A01,0.329975100722,Chat-IRES-Cre-neo;Ai14-373623.06.01.01,2018-02-05 22:49:18,
2018-02-05,PAS4_180205_452_A01,0.609373997145,Chat-IRES-Cre-neo;Ai14-373623.05.01.01,2018-02-06 00:04:03,
2018-02-05,PAS4_180205_453_A01,0.329975100722,Chat-IRES-Cre-neo;Ai14-374838.05.02.01,2018-02-06 01:04:00,
2018-02-05,PBS4_180205_501_A01,1.0,,,
2018-02-05,PBS4_180205_502_A01,0.458637686037,Crh-IRES-Cre_ZJH;Sst-IRES-FlpO;Ai65-374736.04.01.01,2018-02-05 19:48:24,
2018-02-05,PBS4_180205_503_A01,0.562351238631,Chat-IRES-Cre-neo;Ai14-374838.04.01.01,2018-02-05 20:35:00,
2018-02-05,PBS4_180205_504_A01,0.562351238631,Chat-IRES-Cre-neo;Ai14-373623.04.02.01,2018-02-05 22:15:33,
2018-02-05,PBS4_180205_505_A01,1.0,Chat-IRES-Cre-neo;Ai14-373623.04.02.02,2018-02-05 22:43:16,63x go
2018-02-06,P1S4_180206_001_A01,1.0,Crh-IRES-Cre_ZJH;Sst-IRES-FlpO;Ai65-374738.05.01.01,2018-02-06 18:05:59,63x go
2018-02-06,P1S4_180206_002_A01,0.784887129812,Crh-IRES-Cre_ZJH;Sst-IRES-FlpO;Ai65-374738.05.01.02,2018-02-06 18:20:47,63x go
2018-02-06,P1S4_180206_003_A01,0.703207783455,Crh-IRES-Cre_ZJH;Sst-IRES-FlpO;Ai65-374738.05.01.03,2018-02-06 18:42:26,
2018-02-06,P1S4_180206_004_A01,0.703207783455,Crh-IRES-Cre_ZJH;Sst-IRES-FlpO;Ai65-374738.05.01.04,2018-02-06 19:07:48,
2018-02-06,P2S4_180206_051_A01,0.483140671093,Crh-IRES-Cre_ZJH;Sst-IRES-FlpO;Ai65-374738.02.02.01,2018-02-06 19:01:39,
2018-02-06,P2S4_180206_052_A01,0.703207783455,Crh-IRES-Cre_ZJH;Sst-IRES-FlpO;Ai65-374738.02.02.02,2018-02-06 19:35:00,
2018-02-06,P2S4_180206_053_A01,1.0,Chat-IRES-Cre-neo;Ai14-374836.03.01.01,2018-02-06 22:01:11,63x go
2018-02-06,P2S4_180206_054_A01,1.0,Chat-IRES-Cre-neo;Ai14-374836.03.01.02,2018-02-06 22:32:16,63x go
2018-02-06,P2S4_180206_055_A01,1.0,Chat-IRES-Cre-neo;Ai14-374837.04.01.01,2018-02-07 00:15:02,63x go
2018-02-06,P2S4_180206_056_A01,0.745543241426,Chat-IRES-Cre-neo;Ai14-374837.04.01.02,2018-02-07 00:46:07,63x no go
2018-02-06,P8S4_180206_351_A01,1.0,Crh-IRES-Cre_ZJH;Sst-IRES-FlpO;Ai65-374738.04.02.01,2018-02-06 17:56:38,63x go
2018-02-06,P8S4_180206_352_A01,0.703207783455,Crh-IRES-Cre_ZJH;Sst-IRES-FlpO;Ai65-374738.03.01.01,2018-02-06 18:43:20,
2018-02-06,P8S4_180206_353_A01,0.483140671093,Oxtr-T2A-Cre;Ai14-374536.04.02.01,2018-02-06 20:45:47,
2018-02-06,P8S4_180206_354_A01,0.483140671093,Oxtr-T2A-Cre;Ai14-374536.05.02.01,2018-02-06 21:27:16,
2018-02-06,P8S4_180206_355_A01,0.570440612588,Oxtr-T2A-Cre;Ai14-374536.05.02.02,2018-02-06 21:51:09,
2018-02-06,P8S4_180206_356_A01,1.0,Chat-IRES-Cre-neo;Ai14-374836.04.02.01,2018-02-06 22:55:44,63x go
2018-02-06,PAS4_180206_451_A01,0.329975100722,Chat-IRES-Cre-neo;Ai14-374839.05.02.01,2018-02-06 19:29:24,
2018-02-06,PAS4_180206_452_A01,1.0,Chat-IRES-Cre-neo;Ai14-374839.05.01.01,2018-02-06 20:24:24,63x go
2018-02-06,PAS4_180206_453_A01,0.132003134637,Chat-IRES-Cre-neo;Ai14-374836.05.02.01,2018-02-06 22:30:50,
2018-02-06,PAS4_180206_454_A01,0.0,Chat-IRES-Cre-neo;Ai14-374837.05.02.01,2018-02-07 00:12:43,
2018-02-06,PBS4_180206_501_A01,0.562351238631,Chat-IRES-Cre-neo;Ai14-374839.04.01.01,2018-02-06 19:40:00,
2018-02-06,PBS4_180206_502_A01,1.0,Oxtr-T2A-Cre;Ai14-374536.03.01.01,2018-02-06 21:46:50,63x no go
2018-02-06,PBS4_180206_503_A01,0.761111411037,Oxtr-T2A-Cre;Ai14-374536.03.01.02,2018-02-06 22:20:19,63x go
2018-02-06,PBS4_180206_504_A01,0.458637686037,Oxtr-T2A-Cre;Ai14-374536.04.01.01,2018-02-06 23:47:30,
2018-02-06,PBS4_180206_505_A01,1.0,Oxtr-T2A-Cre;Ai14-374536.04.01.02,2018-02-07 00:20:12,63x no go
2018-02-07,P1S4_180207_001_A01,1.0,Oxtr-T2A-Cre;Ai14-374537.03.01.01,2018-02-07 18:22:10,63x no go
2018-02-07,P1S4_180207_002_A01,0.797260969559,Oxtr-T2A-Cre;Ai14-374537.03.01.02,2018-02-07 18:47:24,
2018-02-07,P1S4_180207_003_A01,1.0,Oxtr-T2A-Cre;Ai14-374537.03.01.03,2018-02-07 19:27:53,63x no go
2018-02-07,P8S4_180207_351_A01,0.745543241426,Oxtr-T2A-Cre;Ai14-374537.04.02.01,2018-02-07 17:49:56,
2018-02-07,P8S4_180207_352_A01,0.863473367922,Oxtr-T2A-Cre;Ai14-374537.04.02.02,2018-02-07 18:16:16,63x go
2018-02-07,P8S4_180207_353_A01,0.458637686037,Chat-IRES-Cre-neo;Ai14-374840.04.02.01,2018-02-07 18:55:42,
2018-02-07,P8S4_180207_354_A01,0.858947749232,Oxtr-T2A-Cre;Ai14-374539.04.02.01,2018-02-07 21:17:06,63x go
2018-02-07,P8S4_180207_355_A01,0.458637686037,Oxtr-T2A-Cre;Ai14-374539.04.02.02,2018-02-07 21:41:55,
2018-02-07,P8S4_180207_356_A01,0.628376568713,Chat-IRES-Cre-neo;Ai14-373625.04.02.01,2018-02-07 22:54:36,
2018-02-07,P9S4_180207_401_A01,0.858947749232,Oxtr-T2A-Cre;Ai14-374537.04.01.01,2018-02-07 18:08:18,
2018-02-07,P9S4_180207_402_A01,0.329975100722,Oxtr-T2A-Cre;Ai14-374539.05.01.01,2018-02-07 21:06:56,
2018-02-07,P9S4_180207_403_A01,0.562351238631,Oxtr-T2A-Cre;Ai14-374539.05.01.02,2018-02-07 21:33:34,
2018-02-07,P9S4_180207_404_A01,0.132003134637,Oxtr-T2A-Cre;Ai14-374539.04.01.01,2018-02-07 22:07:00,
2018-02-07,P9S4_180207_405_A01,0.132003134637,Oxtr-T2A-Cre;Ai14-374539.04.01.02,2018-02-07 22:46:09,
2018-02-07,P9S4_180207_406_A01,1.0,Chat-IRES-Cre-neo;Ai14-373625.03.01.01,2018-02-07 23:44:50,63x go
2018-02-07,P9S4_180207_407_A01,0.0,Chat-IRES-Cre-neo;Ai14-373625.03.01.02,2018-02-08 00:04:51,
2018-02-07,PAS4_180207_451_A01,0.872647964636,Oxtr-T2A-Cre;Ai14-374537.06.02.01,2018-02-07 18:53:29,
2018-02-07,PAS4_180207_452_A01,1.0,Oxtr-T2A-Cre;Ai14-374537.06.02.02,2018-02-07 19:38:32,
2018-02-07,PAS4_180207_453_A01,0.609373997145,Chat-IRES-Cre-neo;Ai14-374840.05.02.01,2018-02-07 20:49:00,
2018-02-07,PAS4_180207_454_A01,1.0,Chat-IRES-Cre-neo;Ai14-374840.05.02.02,2018-02-07 21:23:25,63x go
2018-02-07,PAS4_180207_455_A01,0.0,Chat-IRES-Cre-neo;Ai14-373625.05.02.01,2018-02-08 00:52:10,
2018-02-07,PBS4_180207_501_A01,0.703207783455,Oxtr-T2A-Cre;Ai14-374537.03.02.01,2018-02-07 18:33:37,
2018-02-07,PBS4_180207_502_A01,0.761111411037,Oxtr-T2A-Cre;Ai14-374537.03.02.02,2018-02-07 18:59:11,63x go
2018-02-07,PBS4_180207_503_A01,1.0,Oxtr-T2A-Cre;Ai14-374537.03.02.03,2018-02-07 19:20:57,63x go
2018-02-07,PBS4_180207_504_A01,1.0,Chat-IRES-Cre-neo;Ai14-374840.03.02.01,2018-02-07 19:52:51,63x no go
2018-02-07,PBS4_180207_505_A01,0.609373997145,Oxtr-T2A-Cre;Ai14-374539.03.01.01,2018-02-07 22:46:16,
2018-02-07,PBS4_180207_506_A01,0.562351238631,Chat-IRES-Cre-neo;Ai14-373625.04.01.01,2018-02-08 00:47:26,
2018-02-12,P1S4_180212_001_A01,0.912283928104,Pvalb-IRES-Cre;Ai14-375844.04.01.01,2018-02-12 18:53:02,63x no go
2018-02-12,P1S4_180212_002_A01,0.562351238631,Pvalb-IRES-Cre;Ai14-375844.04.01.02,2018-02-12 19:20:11,
2018-02-12,P9S4_180212_401_A01,0.877796521074,Pvalb-IRES-Cre;Ai14-375844.03.01.01,2018-02-12 18:06:47,63x go
2018-02-12,PBS4_180212_501_A01,0.329975100722,Pvalb-IRES-Cre;Ai14-375844.05.02.01,2018-02-12 18:18:17,
2018-02-12,PBS4_180212_502_A01,0.132003134637,,,
2018-02-13,P1S4_180213_001_A01,0.0,Pvalb-IRES-Cre;Ai14-375845.04.01.01,2018-02-13 18:45:09,
2018-02-13,P9S4_180213_401_A01,1.0,Pvalb-IRES-Cre;Ai14-375845.03.01.01,2018-02-13 18:09:37,63x go
2018-02-13,PBS4_180213_501_A01,1.0,Pvalb-IRES-Cre;Ai14-375845.03.02.01,2018-02-13 18:15:11,63x go
2018-02-13,PBS4_180213_502_A01,0.329975100722,Pvalb-IRES-Cre;Ai14-375845.03.02.02,2018-02-13 18:41:44,
2018-02-13,PBS4_180213_503_A01,0.458637686037,Pvalb-IRES-Cre;Ai14-375845.03.02.03,2018-02-13 19:05:25,
2018-02-19,P2S4_180219_051_A01,1.0,Pvalb-IRES-Cre;Ai14-375847.04.01.01,2018-02-19 22:48:39,
2018-02-19,P2S4_180219_052_A01,0.688578426527,Htr3a-Cre_NO152;Ai14-376066.05.02.01,2018-02-20 00:07:33,
2018-02-19,P2S4_180219_053_A01,0.745543241426,Htr3a-Cre_NO152;Ai14-376066.05.02.02,2018-02-20 00:51:59,
2018-02-19,P2S4_180219_054_A01,1.0,Htr3a-Cre_NO152;Ai14-376066.05.02.03,2018-02-20 01:27:48,63x go
2018-02-19,P8S4_180219_351_A01,0.872647964636,Sst-IRES-Cre;Ai14-376198.04.02.01,2018-02-19 18:16:29,63x go
2018-02-19,P8S4_180219_352_A01,0.872647964636,Sst-IRES-Cre;Ai14-376198.04.02.02,2018-02-19 18:42:40,63x go
2018-02-19,P8S4_180219_353_A01,1.0,Htr3a-Cre_NO152;Ai14-376066.04.02.01,2018-02-19 19:14:35,63x no go
2018-02-19,P8S4_180219_354_A01,0.770912075574,Htr3a-Cre_NO152;Ai14-376066.04.02.02,2018-02-19 19:37:10,63x no go
2018-02-19,P8S4_180219_355_A01,1.0,Htr3a-Cre_NO152;Ai14-376066.03.02.01,2018-02-19 22:13:34,63x go
2018-02-20,P2S4_180220_051_A01,0.761111411037,Sst-IRES-Cre;Ai14-376201.04.01.01,2018-02-20 18:42:24,
2018-02-20,P2S4_180220_052_A01,0.750591919695,Sst-IRES-Cre;Ai14-376201.04.01.02,2018-02-20 19:10:28,
2018-02-20,P8S4_180220_351_A01,1.0,Sst-IRES-Cre;Ai14-376201.04.02.01,2018-02-20 18:07:04,63x go
2018-02-20,P9S4_180220_401_A01,0.784887129812,Sst-IRES-Cre;Ai14-376201.03.01.01,2018-02-20 18:03:58,63x go
2018-02-20,P9S4_180220_402_A01,1.0,Sst-IRES-Cre;Ai14-376201.03.01.02,2018-02-20 18:25:29,63x go
2018-02-20,PAS4_180220_451_A01,1.0,Sst-IRES-Cre;Ai14-376201.06.01.01,2018-02-20 19:53:22,63x no go
2018-02-21,P1S4_180221_001_A01,0.761111411037,Sst-IRES-Cre;Ai14-376203.05.01.01,2018-02-21 21:40:43,63x no go
2018-02-21,P1S4_180221_002_A01,0.458637686037,Sst-IRES-Cre;Ai14-376203.05.01.02,2018-02-21 22:08:22,
2018-02-21,P1S4_180221_003_A01,0.750591919695,Sst-IRES-Cre;Ai14-376203.05.01.03,2018-02-21 22:22:55,
2018-02-21,P1S4_180221_004_A01,0.458637686037,Sst-IRES-Cre;Ai14-376203.05.01.04,2018-02-21 22:37:11,
2018-02-21,P2S4_180221_051_A01,0.797260969559,Pvalb-IRES-Cre;Ai14-376967.04.01.01,2018-02-21 20:20:23,63x go
2018-02-21,P2S4_180221_052_A01,0.458637686037,Sst-IRES-Cre;Ai14-376203.04.02.01,2018-02-21 22:11:04,
2018-02-21,P2S4_180221_053_A01,1.0,,,
2018-02-21,P8S4_180221_351_A01,0.912283928104,Pvalb-IRES-Cre;Ai14-376967.03.02.01,2018-02-21 19:15:31,63x no go
2018-02-21,P8S4_180221_352_A01,0.880454162438,Sst-IRES-Cre;Ai14-376203.03.02.01,2018-02-21 21:09:54,
2018-02-21,P8S4_180221_353_A01,0.872647964636,,,
2018-02-21,P8S4_180221_354_A01,0.797260969559,Pvalb-IRES-Cre;Ai14-376970.04.02.01,2018-02-21 22:29:15,63x no go
2018-02-21,P8S4_180221_355_A01,0.329975100722,Pvalb-IRES-Cre;Ai14-376970.04.02.02,2018-02-21 22:56:17,
2018-02-21,P9S4_180221_401_A01,0.797260969559,Pvalb-IRES-Cre;Ai14-376967.03.01.01,2018-02-21 19:06:52,63x go
2018-02-21,PBS4_180221_504_A01,0.912283928104,Pvalb-IRES-Cre;Ai14-376967.05.02.01,2018-02-21 22:38:19,63x no go
2018-02-21,PBS4_180221_505_A01,0.483140671093,Pvalb-IRES-Cre;Ai14-376967.05.02.02,2018-02-21 23:00:01,
2018-02-21,PBS4_180221_506_A01,0.750591919695,Sst-IRES-Cre;Ai14-376203.05.02.01,2018-02-22 00:20:19,63x go
2018-02-19,P8S4_180219_356_A01,0.797260969559,Pvalb-IRES-Cre;Ai14-375847.03.02.01,2018-02-19 23:09:52,63x go
2018-02-19,P9S4_180219_401_A01,0.458637686037,Sst-IRES-Cre;Ai14-376198.04.01.01,2018-02-19 17:57:54,
2018-02-19,P9S4_180219_402_A01,1.0,Sst-IRES-Cre;Ai14-376198.05.01.01,2018-02-19 18:54:45,63x go
2018-02-19,P9S4_180219_403_A01,1.0,Htr3a-Cre_NO152;Ai14-376066.03.01.01,2018-02-19 19:31:34,63x go
2018-02-19,P9S4_180219_404_A01,0.802691096636,Htr3a-Cre_NO152;Ai14-376066.03.01.02,2018-02-19 19:52:34,63x no go
2018-02-19,P9S4_180219_405_A01,0.745543241426,Htr3a-Cre_NO152;Ai14-376066.04.01.01,2018-02-19 21:41:09,
2018-02-26,P1S4_180226_001_A01,0.761111411037,Sst-IRES-Cre;Ai14-376202.02.02.01,2018-02-26 19:17:08,63x go
2018-02-26,P1S4_180226_002_A01,0.562351238631,,,
2018-02-26,P1S4_180226_003_A01,0.458637686037,Ndnf-IRES2-dgCre;Ai14-377309.03.01.02,2018-02-26 22:10:20,
2018-02-26,P1S4_180226_004_A01,0.329975100722,Ndnf-IRES2-dgCre;Ai14-377309.03.01.03,2018-02-26 22:28:29,
2018-02-26,P2S4_180226_051_A01,0.570440612588,Slc17a6-IRES-Cre;Ai14-376995.02.02.01,2018-02-26 22:35:02,
2018-02-26,P2S4_180226_052_A01,1.0,Slc17a6-IRES-Cre;Ai14-376995.02.02.02,2018-02-26 23:12:06,63x no go
2018-02-26,P8S4_180226_351_A01,0.889103443003,Sst-IRES-Cre;Ai14-376202.03.02.01,2018-02-26 18:00:22,63x no go
2018-02-26,P8S4_180226_352_A01,0.458637686037,Sst-IRES-Cre;Ai14-376202.03.02.02,2018-02-26 18:25:19,
2018-02-26,P8S4_180226_353_A01,0.802691096636,Ndnf-IRES2-dgCre;Ai14-377309.05.02.01,2018-02-26 22:30:07,63x no go
2018-02-26,P8S4_180226_354_A01,1.0,Ndnf-IRES2-dgCre;Ai14-377309.05.02.02,2018-02-26 22:53:21,63x no go
2018-02-26,P9S4_180226_401_A01,0.523214685339,Sst-IRES-Cre;Ai14-376202.02.01.01,2018-02-26 18:21:29,
2018-02-26,PAS4_180226_451_A01,1.0,Slc17a6-IRES-Cre;Ai14-376995.04.02.01,2018-02-26 18:39:02,
2018-02-26,PAS4_180226_452_A01,1.0,Ndnf-IRES2-dgCre;Ai14-377309.06.02.01,2018-02-26 21:22:36,63x go
2018-02-26,PAS4_180226_453_A01,1.0,Ndnf-IRES2-dgCre;Ai14-377309.06.01.01,2018-02-26 22:34:54,63x no go
2018-02-26,PBS4_180226_501_A01,0.863473367922,Slc17a6-IRES-Cre;Ai14-376995.03.02.01,2018-02-26 19:14:41,63x no go
2018-02-26,PBS4_180226_502_A01,1.0,Ndnf-IRES2-dgCre;Ai14-377309.04.02.01,2018-02-26 21:37:36,63x no go
2018-02-26,PBS4_180226_503_A01,0.132003134637,Ndnf-IRES2-dgCre;Ai14-377309.04.02.02,2018-02-26 22:10:40,
2018-02-26,PBS4_180226_504_A01,1.0,Ndnf-IRES2-dgCre;Ai14-377309.03.02.01,2018-02-26 22:54:21,63x no go
2018-02-27,P1S4_180227_001_A01,0.483140671093,Sst-IRES-Cre;Ai14-376204.03.01.01,2018-02-27 18:32:26,
2018-02-27,P1S4_180227_002_A01,0.802691096636,Ndnf-IRES2-dgCre;Ai14-377310.04.01.01,2018-02-27 19:17:41,
2018-02-27,P2S4_180227_051_A01,1.0,Sst-IRES-Cre;Ai14-376204.04.01.01,2018-02-27 18:16:17,63x no go
2018-02-27,P2S4_180227_052_A01,0.802691096636,,,
2018-02-27,P2S4_180227_053_A01,0.688578426527,Ndnf-IRES2-dgCre;Ai14-377313.05.01.01,2018-02-27 22:11:58,
2018-02-27,P2S4_180227_054_A01,0.329975100722,Ndnf-IRES2-dgCre;Ai14-377313.03.01.01,2018-02-28 00:07:58,63x no go
2018-02-27,P8S4_180227_351_A01,1.0,Sst-IRES-Cre;Ai14-376204.03.02.01,2018-02-27 17:52:56,63x no go
2018-02-27,P8S4_180227_352_A01,0.458637686037,Sst-IRES-Cre;Ai14-376204.03.02.02,2018-02-27 18:26:02,
2018-02-27,P8S4_180227_353_A01,0.872647964636,Sst-IRES-Cre;Ai14-376204.03.02.03,2018-02-27 18:52:42,63x go
2018-02-27,P8S4_180227_354_A01,0.562351238631,Ndnf-IRES2-dgCre;Ai14-377313.04.02.01,2018-02-27 21:19:05,
2018-02-27,P8S4_180227_355_A01,1.0,Ndnf-IRES2-dgCre;Ai14-377313.04.02.02,2018-02-27 21:42:59,63x no go
2018-02-27,P8S4_180227_356_A01,1.0,Ndnf-IRES2-dgCre;Ai14-377313.05.02.01,2018-02-27 22:36:56,63x go
2018-02-27,P9S4_180227_401_A01,0.570440612588,Sst-IRES-Cre;Ai14-376204.05.01.01,2018-02-27 18:18:17,
2018-02-27,P9S4_180227_402_A01,0.750591919695,Sst-IRES-Cre;Ai14-376204.05.01.02,2018-02-27 18:47:11,
2018-02-27,P9S4_180227_403_A01,0.458637686037,Ndnf-IRES2-dgCre;Ai14-377313.04.01.01,2018-02-27 21:22:26,
2018-02-27,P9S4_180227_404_A01,0.840301949696,Ndnf-IRES2-dgCre;Ai14-377313.04.01.02,2018-02-27 21:41:39,63x no go
2018-02-27,P9S4_180227_405_A01,0.72440221059,Ndnf-IRES2-dgCre;Ai14-377313.06.01.01,2018-02-27 22:36:02,
2018-02-27,PAS4_180227_451_A01,0.329975100722,Sst-IRES-Cre;Ai14-376204.05.02.01,2018-02-27 17:55:48,
2018-02-27,PAS4_180227_452_A01,0.797260969559,Sst-IRES-Cre;Ai14-376204.05.02.02,2018-02-27 18:32:35,63x no go
2018-02-27,PAS4_180227_453_A01,1.0,Ndnf-IRES2-dgCre;Ai14-377310.05.02.01,2018-02-27 19:42:11,63x no go
2018-02-27,PAS4_180227_454_A01,0.802691096636,Ndnf-IRES2-dgCre;Ai14-377310.05.01.01,2018-02-27 22:09:18,63x no go
2018-02-27,PBS4_180227_501_A01,0.889103443003,Sst-IRES-Cre;Ai14-376204.04.02.01,2018-02-27 18:20:34,63x no go
2018-02-27,PBS4_180227_502_A01,0.0,Sst-IRES-Cre;Ai14-376204.04.02.02,2018-02-27 19:13:57,
2018-02-27,PBS4_180227_503_A01,1.0,Ndnf-IRES2-dgCre;Ai14-377310.06.02.01,2018-02-27 19:43:34,63x no go
2018-02-27,PBS4_180227_504_A01,0.688578426527,Ndnf-IRES2-dgCre;Ai14-377310.03.02.01,2018-02-27 22:14:38,
2018-02-27,PBS4_180227_505_A01,0.458637686037,Ndnf-IRES2-dgCre;Ai14-377310.03.02.02,2018-02-27 22:44:49,
2018-02-27,PBS4_180227_506_A01,0.802691096636,Ndnf-IRES2-dgCre;Ai14-377313.03.02.01,2018-02-27 23:07:48,
2018-02-28,P1S4_180228_001_A01,1.0,Ndnf-IRES2-dgCre;Ai14-377316.03.01.01,2018-02-28 18:28:57,63x no go
2018-02-28,P1S4_180228_002_A01,0.562351238631,Ndnf-IRES2-dgCre;Ai14-377316.03.01.02,2018-02-28 18:41:54,
2018-02-28,P1S4_180228_003_A01,0.329975100722,Ndnf-IRES2-dgCre;Ai14-377316.03.01.03,2018-02-28 19:24:14,
2018-02-28,P2S4_180228_051_A01,0.890240234977,Sst-IRES-Cre;Ai14-376205.04.01.01,2018-02-28 18:14:02,63x go
2018-02-28,P2S4_180228_052_A01,1.0,Sst-IRES-Cre;Ai14-376205.04.01.02,2018-02-28 18:47:25,63x go
2018-02-28,P2S4_180228_053_A01,1.0,Ndnf-IRES2-dgCre;Ai14-377316.05.01.01,2018-02-28 20:23:46,63x no go
2018-02-28,P2S4_180228_054_A01,0.458637686037,Ndnf-IRES2-dgCre;Ai14-377316.05.01.02,2018-02-28 21:16:11,
2018-02-28,P2S4_180228_055_A01,0.0,Slc17a6-IRES-Cre;Ai14-376996.04.01.01,2018-02-28 23:45:50,
2018-02-28,P8S4_180228_351_A01,0.458637686037,Sst-IRES-Cre;Ai14-376205.04.02.01,2018-02-28 17:39:55,
2018-02-28,P8S4_180228_352_A01,0.458637686037,Sst-IRES-Cre;Ai14-376205.04.02.02,2018-02-28 18:08:24,
2018-02-28,P8S4_180228_353_A01,1.0,Ndnf-IRES2-dgCre;Ai14-377316.04.02.01,2018-02-28 18:57:01,63x go
2018-02-28,P8S4_180228_354_A01,0.770912075574,Vip-IRES-Cre;Ai14-377300.03.02.01,2018-02-28 21:16:06,
2018-02-28,P8S4_180228_355_A01,0.0,Vip-IRES-Cre;Ai14-377300.03.02.02,2018-02-28 21:34:40,
2018-02-28,P8S4_180228_356_A01,0.745543241426,Vip-IRES-Cre;Ai14-377300.03.02.03,2018-02-28 21:58:23,
2018-02-28,P9S4_180228_401_A01,1.0,Sst-IRES-Cre;Ai14-376205.03.01.01,2018-02-28 17:47:43,63x go
2018-02-28,P9S4_180228_402_A01,0.132003134637,Sst-IRES-Cre;Ai14-376205.03.01.02,2018-02-28 18:09:26,
2018-02-28,P9S4_180228_403_A01,1.0,Ndnf-IRES2-dgCre;Ai14-377316.04.01.01,2018-02-28 18:43:46,63x go
2018-02-28,P9S4_180228_404_A01,0.703207783455,Ndnf-IRES2-dgCre;Ai14-377316.04.01.02,2018-02-28 19:08:36,
2018-02-28,P9S4_180228_405_A01,0.883049697155,Vip-IRES-Cre;Ai14-377300.03.01.01,2018-02-28 21:26:23,63x no go
2018-02-28,P9S4_180228_406_A01,0.795896504885,Vip-IRES-Cre;Ai14-377300.04.01.01,2018-02-28 22:24:17,63x go
2018-02-28,PAS4_180228_451_A01,0.877796521074,Sst-IRES-Cre;Ai14-376205.05.02.01,2018-02-28 18:25:38,63x no go
2018-02-28,PAS4_180228_452_A01,0.0,Ndnf-IRES2-dgCre;Ai14-377316.05.02.01,2018-02-28 19:37:45,
2018-02-28,PAS4_180228_453_A01,1.0,Ndnf-IRES2-dgCre;Ai14-377316.06.02.01,2018-02-28 20:34:17,63x no go
2018-02-28,PAS4_180228_454_A01,0.0,Vip-IRES-Cre;Ai14-377300.05.02.01,2018-02-28 22:55:48,
2018-02-28,PBS4_180228_501_A01,0.797260969559,Sst-IRES-Cre;Ai14-376205.05.01.01,2018-02-28 19:11:02,63x go
2018-02-28,PBS4_180228_502_A01,0.562351238631,Vip-IRES-Cre;Ai14-377300.04.02.01,2018-02-28 22:08:51,
2018-02-28,PBS4_180228_503_A01,1.0,Slc17a6-IRES-Cre;Ai14-376996.04.02.01,2018-02-28 23:20:57,63x no go
2018-02-28,PBS4_180228_504_A01,0.523214685339,Slc17a6-IRES-Cre;Ai14-376996.04.02.02,2018-02-28 23:59:53,
2018-02-28,PBS4_180228_505_A01,1.0,Ndnf-IRES2-dgCre;Ai14-378475.04.02.01,2018-03-01 01:17:27,
2018-03-02,P1S4_180302_001_A01,0.750591919695,Sst-IRES-Cre;Ai14-376206.05.01.01,2018-03-02 18:27:02,63x go
2018-03-02,P1S4_180302_002_A01,0.132003134637,Sst-IRES-Cre;Ai14-376206.05.01.02,2018-03-02 18:43:07,
2018-03-02,P1S4_180302_003_A01,0.0,Sst-IRES-Cre;Ai14-376206.05.01.03,2018-03-02 19:00:30,
2018-03-02,P8S4_180302_351_A01,0.784887129812,Sst-IRES-Cre;Ai14-376206.04.02.01,2018-03-02 17:58:06,63x go
2018-03-02,P8S4_180302_352_A01,1.0,Sst-IRES-Cre;Ai14-376206.04.02.02,2018-03-02 18:21:43,63x go
2018-03-02,P8S4_180302_353_A01,0.761111411037,Sst-IRES-Cre;Ai14-376206.04.02.03,2018-03-02 18:47:20,63x go
2018-03-02,P8S4_180302_354_A01,0.889103443003,Sst-IRES-Cre;Ai14-376837.04.02.01,2018-03-02 21:08:38,
2018-03-02,P8S4_180302_355_A01,0.784887129812,Sst-IRES-Cre;Ai14-376837.04.02.02,2018-03-02 21:58:06,63x go
2018-03-02,P8S4_180302_356_A01,0.0,Sst-IRES-Cre;Ai14-376837.04.02.03,2018-03-02 22:22:40,
2018-03-02,P9S4_180302_401_A01,1.0,Sst-IRES-Cre;Ai14-376206.04.01.01,2018-03-02 18:04:35,63x go
2018-03-02,P9S4_180302_402_A01,0.0,Sst-IRES-Cre;Ai14-376206.04.01.02,2018-03-02 18:24:50,
2018-03-02,P9S4_180302_403_A01,0.872342934398,Ndnf-IRES2-dgCre;Ai14-377318.03.01.01,2018-03-02 18:58:38,63x go
2018-03-02,P9S4_180302_404_A01,0.329975100722,Ndnf-IRES2-dgCre;Ai14-377318.03.01.02,2018-03-02 19:20:31,
2018-03-02,P9S4_180302_405_A01,1.0,Sst-IRES-Cre;Ai14-376837.04.01.01,2018-03-02 21:07:17,63x go
2018-03-02,PAS4_180302_451_A01,1.0,Sst-IRES-Cre;Ai14-376206.06.02.01,2018-03-02 18:46:43,
2018-03-02,PAS4_180302_452_A01,1.0,Sst-IRES-Cre;Ai14-376206.06.01.01,2018-03-02 19:35:19,63x go
2018-03-02,PBS4_180302_501_A01,1.0,Sst-IRES-Cre;Ai14-376206.03.02.01,2018-03-02 18:16:17,63x go
2018-03-02,PBS4_180302_502_A01,1.0,Sst-IRES-Cre;Ai14-376206.03.02.02,2018-03-02 19:02:33,63x go
2018-03-02,PBS4_180302_503_A01,0.872647964636,Sst-IRES-Cre;Ai14-376837.03.02.01,2018-03-02 21:11:58,
2018-03-05,P1S4_180305_001_A01,1.0,Ndnf-IRES2-dgCre;Slc32a1-IRES2-FlpO;Ai65-378110.03.01.01,2018-03-05 18:48:19,63x go
2018-03-05,P1S4_180305_002_A01,1.0,Ndnf-IRES2-dgCre;Slc32a1-IRES2-FlpO;Ai65-378110.03.01.02,2018-03-05 19:20:15,63x go
2018-03-05,P1S4_180305_003_A01,0.329975100722,Nos1-CreERT2;Sst-IRES-FlpO;Ai65-377369.04.01.01,2018-03-05 22:00:03,
2018-03-05,P1S4_180305_004_A01,0.797260969559,Pvalb-IRES-Cre;Ai14-378389.03.01.01,2018-03-05 22:58:57,63x go
2018-03-05,P2S4_180305_051_A01,0.750591919695,Ndnf-IRES2-dgCre;Slc32a1-IRES2-FlpO;Ai65-378110.04.01.01,2018-03-05 20:49:49,63x no go
2018-03-05,P2S4_180305_052_A01,0.797260969559,Pvalb-IRES-Cre;Ai14-378389.02.01.01,2018-03-05 22:27:03,63x no go
2018-03-05,P2S4_180305_053_A01,1.0,Pvalb-IRES-Cre;Ai14-378389.03.02.01,2018-03-06 00:28:15,63x go
2018-03-05,P2S4_180305_054_A01,0.0,Pvalb-IRES-Cre;Ai14-378389.03.02.02,2018-03-06 00:59:05,
2018-03-05,P2S4_180305_055_A01,0.667564034181,Pvalb-IRES-Cre;Ai14-378389.03.02.03,2018-03-06 01:36:09,
2018-03-05,P8S4_180305_351_A01,0.688578426527,Ndnf-IRES2-dgCre;Slc32a1-IRES2-FlpO;Ai65-378110.04.02.01,2018-03-05 18:18:19,
2018-03-05,P8S4_180305_352_A01,0.562351238631,Ndnf-IRES2-dgCre;Slc32a1-IRES2-FlpO;Ai65-378110.04.02.02,2018-03-05 18:50:13,63x no go
2018-03-05,P8S4_180305_353_A01,1.0,Nos1-CreERT2;Sst-IRES-FlpO;Ai65-377369.04.02.01,2018-03-05 20:34:35,63x go
2018-03-05,P8S4_180305_354_A01,0.329975100722,Nos1-CreERT2;Sst-IRES-FlpO;Ai65-377369.05.02.01,2018-03-05 21:25:50,
2018-03-05,P8S4_180305_355_A01,1.0,Nos1-CreERT2;Sst-IRES-FlpO;Ai65-377369.05.02.02,2018-03-05 22:00:24,
2018-03-05,P8S4_180305_356_A01,1.0,Nos1-CreERT2;Sst-IRES-FlpO;Ai65-377369.06.02.01,2018-03-05 22:56:26,63x go
2018-03-05,P8S4_180305_357_A01,0.0,Nos1-CreERT2;Sst-IRES-FlpO;Ai65-377369.02.02.01,2018-03-05 23:52:49,
2018-03-05,PBS4_180305_501_A01,1.0,Nos1-CreERT2;Sst-IRES-FlpO;Ai65-377369.05.01.01,2018-03-05 22:01:33,63x no go
2018-03-05,PBS4_180305_502_A01,1.0,Nos1-CreERT2;Sst-IRES-FlpO;Ai65-377369.05.01.02,2018-03-05 22:29:46,63x no go
2018-03-05,PBS4_180305_503_A01,1.0,Nos1-CreERT2;Sst-IRES-FlpO;Ai65-377369.05.01.03,2018-03-05 22:54:12,63x no go
2018-03-05,PBS4_180305_504_A01,1.0,Nos1-CreERT2;Sst-IRES-FlpO;Ai65-377369.06.01.01,2018-03-06 00:29:23,63x go
2018-03-06,P1S4_180306_001_A01,0.132003134637,Pvalb-IRES-Cre;Ai14-378386.03.01.01,2018-03-06 18:47:59,
2018-03-06,P1S4_180306_002_A01,0.667564034181,Pvalb-IRES-Cre;Ai14-378386.03.01.02,2018-03-06 19:09:20,
2018-03-06,P2S4_180306_051_A01,0.912283928104,Pvalb-IRES-Cre;Ai14-378386.03.02.01,2018-03-06 18:46:59,63x go
2018-03-06,P2S4_180306_052_A01,0.797260969559,Pvalb-IRES-Cre;Ai14-378386.03.02.02,2018-03-06 19:39:06,63x no go
2018-03-06,P2S4_180306_053_A01,0.132003134637,Nos1-CreERT2;Sst-IRES-FlpO;Ai65-377372.04.01.01,2018-03-06 22:18:37,
2018-03-06,P2S4_180306_054_A01,1.0,Nos1-CreERT2;Sst-IRES-FlpO;Ai65-377372.04.01.02,2018-03-06 23:02:11,63x no go
2018-03-06,P2S4_180306_055_A01,0.797260969559,Pvalb-IRES-Cre;Ai14-378390.04.01.01,2018-03-07 00:03:30,
2018-03-06,P2S4_180306_056_A01,0.458637686037,Pvalb-IRES-Cre;Ai14-378390.04.01.02,2018-03-07 00:36:03,
2018-03-06,P8S4_180306_351_A01,0.797260969559,Pvalb-IRES-Cre;Ai14-378386.04.02.01,2018-03-06 18:35:17,63x go
2018-03-06,P8S4_180306_352_A01,0.0,Pvalb-IRES-Cre;Ai14-378386.04.02.02,2018-03-06 19:07:08,
2018-03-06,P8S4_180306_353_A01,1.0,Nos1-CreERT2;Sst-IRES-FlpO;Ai65-377372.05.02.01,2018-03-06 21:48:07,63x no go
2018-03-06,P8S4_180306_354_A01,1.0,Nos1-CreERT2;Sst-IRES-FlpO;Ai65-377372.02.02.01,2018-03-06 22:18:15,63x go
2018-03-06,P8S4_180306_355_A01,0.483140671093,Nos1-CreERT2;Sst-IRES-FlpO;Ai65-377372.02.01.01,2018-03-06 23:05:56,
2018-03-06,P8S4_180306_356_A01,1.0,Nos1-CreERT2;Sst-IRES-FlpO;Ai65-377372.06.02.01,2018-03-06 23:47:52,63x go
2018-03-06,P9S4_180306_401_A01,0.329975100722,Pvalb-IRES-Cre;Ai14-378386.04.01.01,2018-03-06 18:54:39,
2018-03-06,P9S4_180306_402_A01,1.0,Nos1-CreERT2;Sst-IRES-FlpO;Ai65-377372.03.01.01,2018-03-06 21:41:01,
2018-03-06,PAS4_180306_451_A01,0.329975100722,Pvalb-IRES-Cre;Ai14-378386.05.01.01,2018-03-06 19:21:19,
2018-03-06,PBS4_180306_501_A01,0.797260969559,Pvalb-IRES-Cre;Ai14-378390.03.01.01,2018-03-06 22:23:25,63x no go
2018-03-06,PBS4_180306_502_A01,0.458637686037,,,
2018-03-07,P1S4_180307_001_A01,1.0,Ndnf-IRES2-dgCre;Slc32a1-IRES2-FlpO;Ai65-378108.03.01.01,2018-03-07 18:34:42,
2018-03-07,P1S4_180307_002_A01,0.0,Ndnf-IRES2-dgCre;Slc32a1-IRES2-FlpO;Ai65-378108.03.01.02,2018-03-07 19:06:39,
2018-03-07,P2S4_180307_051_A01,0.329975100722,Ndnf-IRES2-dgCre;Slc32a1-IRES2-FlpO;Ai65-378108.05.01.01,2018-03-07 18:40:04,
2018-03-07,P2S4_180307_052_A01,1.0,Ndnf-IRES2-dgCre;Slc32a1-IRES2-FlpO;Ai65-378108.05.01.02,2018-03-07 19:19:45,63x go
2018-03-07,P2S4_180307_053_A01,0.458637686037,Crh-IRES-Cre_ZJH;Sst-IRES-FlpO;Ai65-378262.03.01.01,2018-03-07 23:48:36,
2018-03-07,P8S4_180307_351_A01,0.132003134637,Ndnf-IRES2-dgCre;Slc32a1-IRES2-FlpO;Ai65-378108.04.02.01,2018-03-07 18:01:47,
2018-03-07,P8S4_180307_352_A01,0.329975100722,Ndnf-IRES2-dgCre;Slc32a1-IRES2-FlpO;Ai65-378108.04.02.02,2018-03-07 18:29:14,
2018-03-07,P8S4_180307_353_A01,1.0,Ndnf-IRES2-dgCre;Slc32a1-IRES2-FlpO;Ai65-378108.02.02.01,2018-03-07 19:04:18,63x go
2018-03-07,P8S4_180307_354_A01,0.458637686037,Crh-IRES-Cre_ZJH;Sst-IRES-FlpO;Ai65-378262.05.02.01,2018-03-07 21:51:12,
2018-03-07,P8S4_180307_355_A01,0.784887129812,Crh-IRES-Cre_ZJH;Sst-IRES-FlpO;Ai65-378262.05.02.02,2018-03-07 22:15:43,63x go
2018-03-07,P8S4_180307_356_A01,0.784887129812,Crh-IRES-Cre_ZJH;Sst-IRES-FlpO;Ai65-378262.04.01.01,2018-03-07 23:12:15,63x go
2018-03-07,P8S4_180307_357_A01,0.132003134637,Crh-IRES-Cre_ZJH;Sst-IRES-FlpO;Ai65-378262.06.02.01,2018-03-07 23:53:27,
2018-03-07,P9S4_180307_401_A01,1.0,Ndnf-IRES2-dgCre;Slc32a1-IRES2-FlpO;Ai65-378108.04.01.01,2018-03-07 17:52:53,63x go
2018-03-07,P9S4_180307_402_A01,0.132003134637,Pvalb-IRES-Cre;Ai14-378387.03.01.01,2018-03-07 18:52:13,
2018-03-07,P9S4_180307_403_A01,0.329975100722,Pvalb-IRES-Cre;Ai14-378387.04.01.01,2018-03-07 19:23:53,
2018-03-07,PAS4_180307_451_A01,0.132003134637,Vip-IRES-Cre;Ai14-377304.05.02.01,2018-03-07 23:53:25,
2018-03-07,PAS4_180307_452_A01,0.0,Vip-IRES-Cre;Ai14-377304.05.01.01,2018-03-08 00:46:25,
2018-03-07,PBS4_180307_501_A01,0.688578426527,Ndnf-IRES2-dgCre;Slc32a1-IRES2-FlpO;Ai65-378108.03.02.01,2018-03-07 18:14:58,
2018-03-07,PBS4_180307_502_A01,1.0,Ndnf-IRES2-dgCre;Slc32a1-IRES2-FlpO;Ai65-378108.03.02.02,2018-03-07 18:48:26,
2018-03-07,PBS4_180307_503_A01,0.912283928104,Pvalb-IRES-Cre;Ai14-378387.05.01.01,2018-03-07 20:03:51,63x no go
2018-03-07,PBS4_180307_504_A01,0.784887129812,Crh-IRES-Cre_ZJH;Sst-IRES-FlpO;Ai65-378262.03.02.01,2018-03-07 22:54:29,
2018-03-07,PBS4_180307_505_A01,0.329975100722,Crh-IRES-Cre_ZJH;Sst-IRES-FlpO;Ai65-378262.03.02.02,2018-03-07 23:46:31,
2018-03-07,PBS4_180307_506_A01,0.745543241426,Vip-IRES-Cre;Ai14-377304.03.01.01,2018-03-08 01:23:59,
2018-03-09,P1S4_180309_001_A01,0.329975100722,Pvalb-IRES-Cre;Ai14-378388.04.01.01,2018-03-09 21:14:36,
2018-03-09,P1S4_180309_002_A01,0.0,Pvalb-IRES-Cre;Ai14-378388.04.01.02,2018-03-09 21:35:53,
2018-03-09,P8S4_180309_351_A01,0.0,Pvalb-IRES-Cre;Ai14-378388.04.02.01,2018-03-09 21:12:12,
2018-03-09,P8S4_180309_352_A01,1.0,Pvalb-IRES-Cre;Ai14-378388.04.02.02,2018-03-09 21:36:37,63x go
2018-03-09,P8S4_180309_353_A01,0.877796521074,Pvalb-IRES-Cre;Ai14-378388.03.02.01,2018-03-09 22:12:56,63x go
2018-03-09,P8S4_180309_354_A01,0.912283928104,Pvalb-IRES-Cre;Ai14-378388.03.02.02,2018-03-09 22:40:21,63x go
2018-03-12,P1S4_180312_001_A01,0.570440612588,Chrna2-Cre_OE25;Ai14-379134.05.01.01,2018-03-12 17:27:37,
2018-03-12,P1S4_180312_002_A01,0.523214685339,Chrna2-Cre_OE25;Ai14-379134.05.01.02,2018-03-12 17:48:14,
2018-03-12,P2S4_180312_051_A01,0.329975100722,Ndnf-IRES2-dgCre;Ai14-379873.05.01.01,2018-03-12 19:14:20,
2018-03-12,P2S4_180312_052_A01,0.329975100722,Ndnf-IRES2-dgCre;Ai14-379873.05.01.02,2018-03-12 19:47:18,
2018-03-12,P8S4_180312_351_A01,1.0,Chrna2-Cre_OE25;Ai14-379134.03.02.01,2018-03-12 17:02:55,63x go
2018-03-12,P8S4_180312_352_A01,1.0,Ndnf-IRES2-dgCre;Ai14-379873.04.02.01,2018-03-12 17:39:06,63x go
2018-03-12,P9S4_180312_401_A01,0.329975100722,Chrna2-Cre_OE25;Ai14-379134.03.01.01,2018-03-12 17:05:49,
2018-03-12,PAS4_180312_451_A01,0.458637686037,Ndnf-IRES2-dgCre;Ai14-379873.06.02.01,2018-03-12 18:44:46,
2018-03-12,PBS4_180312_501_A01,1.0,Chrna2-Cre_OE25;Ai14-379134.04.02.01,2018-03-12 17:08:41,63x go
2018-03-12,PBS4_180312_502_A01,1.0,Ndnf-IRES2-dgCre;Ai14-379873.03.02.01,2018-03-12 18:19:57,63x no go
2018-03-12,PBS4_180312_503_A01,1.0,Ndnf-IRES2-dgCre;Ai14-379873.03.02.02,2018-03-12 18:45:29,63x no go
2018-03-12,PBS4_180312_504_A01,0.0,Ndnf-IRES2-dgCre;Ai14-379873.05.02.01,2018-03-12 20:10:44,
2018-03-13,P1S4_180313_001_A01,0.0,Npr3-IRES2-Cre;Sst-IRES-FlpO;Ai65-379882.03.01.01,2018-03-13 17:22:36,
2018-03-13,P1S4_180313_002_A01,0.458637686037,Npr3-IRES2-Cre;Sst-IRES-FlpO;Ai65-379882.03.01.02,2018-03-13 17:38:24,63x go
2018-03-13,P1S4_180313_003_A01,1.0,Npr3-IRES2-Cre;Sst-IRES-FlpO;Ai65-379882.03.01.03,2018-03-13 18:03:56,63x go
2018-03-13,P2S4_180313_051_A01,0.880454162438,Npr3-IRES2-Cre;Sst-IRES-FlpO;Ai65-379882.06.01.01,2018-03-13 17:47:26,63x no go
2018-03-13,P2S4_180313_052_A01,1.0,Nr5a1-Cre;Ai14-380238.02.02.01,2018-03-13 23:13:55,63x no go
2018-03-13,P8S4_180313_351_A01,1.0,Npr3-IRES2-Cre;Sst-IRES-FlpO;Ai65-379882.04.02.02,2018-03-13 17:02:13,
2018-03-13,P8S4_180313_352_A01,0.761111411037,Npr3-IRES2-Cre;Sst-IRES-FlpO;Ai65-379882.04.02.01,2018-03-13 17:25:07,63x go
2018-03-13,P8S4_180313_353_A01,1.0,Npr3-IRES2-Cre;Sst-IRES-FlpO;Ai65-379882.03.02.01,2018-03-13 17:59:10,63x go
2018-03-13,P8S4_180313_354_A01,1.0,Nr5a1-Cre;Ai14-380238.04.02.01,2018-03-13 22:42:26,
2018-03-13,P9S4_180313_401_A01,0.880454162438,Npr3-IRES2-Cre;Sst-IRES-FlpO;Ai65-379882.04.01.01,2018-03-13 16:42:14,63x no go
2018-03-13,P9S4_180313_402_A01,1.0,Npr3-IRES2-Cre;Sst-IRES-FlpO;Ai65-379882.04.01.02,2018-03-13 17:08:47,63x go
2018-03-13,P9S4_180313_403_A01,1.0,Npr3-IRES2-Cre;Sst-IRES-FlpO;Ai65-379882.05.01.01,2018-03-13 17:45:33,63x no go
2018-03-13,P9S4_180313_404_A01,0.880454162438,Npr3-IRES2-Cre;Sst-IRES-FlpO;Ai65-379882.05.01.02,2018-03-13 18:01:28,
2018-03-13,P9S4_180313_405_A01,0.329975100722,Nr5a1-Cre;Ai14-380238.02.01.01,2018-03-13 22:27:39,
2018-03-13,PBS4_180313_501_A01,0.808387381424,Npr3-IRES2-Cre;Sst-IRES-FlpO;Ai65-379882.05.02.01,2018-03-13 16:58:40,63x go
2018-03-13,PBS4_180313_502_A01,1.0,Npr3-IRES2-Cre;Sst-IRES-FlpO;Ai65-379882.02.01.01,2018-03-13 18:27:35,
2018-03-13,PBS4_180313_503_A01,0.784887129812,Npr3-IRES2-Cre;Sst-IRES-FlpO;Ai65-379882.02.01.02,2018-03-13 18:56:15,63x no go
2018-03-13,PBS4_180313_504_A01,0.0,Nr5a1-Cre;Ai14-380238.03.01.01,2018-03-13 23:09:51,
2018-03-14,P1S4_180314_001_A01,1.0,Chrna2-Cre_OE25;Ai14-379136.03.01.01,2018-03-14 17:38:30,63x go
2018-03-14,P1S4_180314_002_A01,0.458637686037,Chrna2-Cre_OE25;Ai14-379136.03.01.02,2018-03-14 17:57:55,
2018-03-14,P2S4_180314_051_A01,0.0,Chrna2-Cre_OE25;Ai14-379136.03.02.01,2018-03-14 18:15:11,
2018-03-14,P2S4_180314_052_A01,1.0,Chrna2-Cre_OE25;Ai14-379136.03.02.02,2018-03-14 18:46:51,63x go
2018-03-14,P2S4_180314_053_A01,0.912283928104,Slc32a1-IRES-Cre;Ai14-379844.03.02.01,2018-03-14 20:52:39,63x no go
2018-03-14,P2S4_180314_054_A01,0.745543241426,Slc32a1-IRES-Cre;Ai14-379844.03.02.02,2018-03-14 21:38:04,
2018-03-14,P2S4_180314_055_A01,0.562351238631,Slc32a1-IRES-Cre;Ai14-379844.03.02.03,2018-03-14 22:28:23,
2018-03-14,P8S4_180314_351_A01,1.0,Chrna2-Cre_OE25;Ai14-379136.04.02.01,2018-03-14 16:58:50,63x go
2018-03-14,P8S4_180314_352_A01,1.0,Chrna2-Cre_OE25;Ai14-379136.04.02.02,2018-03-14 17:19:03,63x no go
2018-03-14,P8S4_180314_353_A01,1.0,Chrna2-Cre_OE25;Ai14-379136.05.01.01,2018-03-14 18:04:33,63x no go
2018-03-14,P8S4_180314_354_A01,1.0,Ndnf-IRES2-dgCre;Ai14-379874.04.02.01,2018-03-14 20:28:45,63x go
2018-03-14,P8S4_180314_355_A01,0.483140671093,Slc32a1-IRES-Cre;Ai14-379844.04.02.01,2018-03-14 21:51:46,
2018-03-14,P8S4_180314_356_A01,0.890240234977,Slc32a1-IRES-Cre;Ai14-379844.03.01.01,2018-03-14 22:30:39,63x go
2018-03-14,P8S4_180314_357_A01,0.483140671093,Slc32a1-IRES-Cre;Ai14-379844.03.01.02,2018-03-14 22:53:29,
2018-03-14,P9S4_180314_401_A01,1.0,Chrna2-Cre_OE25;Ai14-379136.04.01.01,2018-03-14 16:51:10,63x no go
2018-03-14,P9S4_180314_402_A01,1.0,Chrna2-Cre_OE25;Ai14-379136.04.01.02,2018-03-14 17:20:17,63x no go
2018-03-14,P9S4_180314_403_A01,0.329975100722,Nr5a1-Cre;Ai14-380240.03.01.01,2018-03-14 18:22:40,
2018-03-14,P9S4_180314_404_A01,0.570440612588,Nr5a1-Cre;Ai14-380240.03.01.02,2018-03-14 18:41:30,
2018-03-14,PAS4_180314_451_A01,1.0,Chrna2-Cre_OE25;Ai14-379136.06.02.01,2018-03-14 17:56:41,63x go
2018-03-14,PAS4_180314_452_A01,0.797260969559,Slc32a1-IRES-Cre;Ai14-379844.05.02.01,2018-03-14 21:37:13,63x no go
2018-03-14,PBS4_180314_501_A01,1.0,Chrna2-Cre_OE25;Ai14-379136.05.02.01,2018-03-14 17:07:13,63x no go
2018-03-14,PBS4_180314_502_A01,0.570440612588,Chrna2-Cre_OE25;Ai14-379136.05.02.02,2018-03-14 17:30:51,63x no go
2018-03-14,PBS4_180314_503_A01,0.78351045703,Nr5a1-Cre;Ai14-380240.04.02.01,2018-03-14 18:02:01,63x go
2018-03-14,PBS4_180314_504_A01,0.78351045703,Nr5a1-Cre;Ai14-380240.02.01.01,2018-03-14 18:52:49,
2018-03-14,PBS4_180314_505_A01,0.329975100722,Nr5a1-Cre;Ai14-380240.02.01.02,2018-03-14 19:23:57,
2018-03-14,PBS4_180314_506_A01,1.0,Ndnf-IRES2-dgCre;Ai14-379874.04.01.01,2018-03-14 22:17:57,63x go
2018-03-14,PBS4_180314_507_A01,1.0,Ndnf-IRES2-dgCre;Ai14-379874.04.01.02,2018-03-14 23:36:45,63x no go
2018-03-15,P1S4_180315_001_A01,0.132003134637,Chrna2-Cre_OE25;Ai14-379152.03.01.01,2018-03-15 17:27:35,
2018-03-15,P1S4_180315_002_A01,0.523214685339,Chrna2-Cre_OE25;Ai14-379152.03.01.02,2018-03-15 17:40:19,
2018-03-15,P1S4_180315_003_A01,1.0,Slc32a1-IRES-Cre;Ai14-379845.03.01.01,2018-03-15 18:27:29,63x go
2018-03-15,P2S4_180315_051_A01,1.0,Chrna2-Cre_OE25;Ai14-379152.03.02.01,2018-03-15 18:07:11,63x no go
2018-03-15,P2S4_180315_052_A01,0.0,Slc32a1-IRES-Cre;Ai14-379845.03.02.01,2018-03-15 19:18:01,
2018-03-15,PAS4_180315_451_A01,1.0,Chrna2-Cre_OE25;Ai14-379152.05.02.01,2018-03-15 17:55:22,63x go
2018-03-15,PAS4_180315_452_A01,0.890240234977,Chrna2-Cre_OE25;Ai14-379152.05.01.01,2018-03-15 19:18:19,63x go
2018-03-15,PAS4_180315_453_A01,0.0,Slc32a1-IRES-Cre;Ai14-379845.05.02.01,2018-03-15 20:03:48,
2018-03-15,PBS4_180315_501_A01,0.458637686037,Chrna2-Cre_OE25;Ai14-379152.04.02.01,2018-03-15 17:43:29,
2018-03-15,PBS4_180315_502_A01,0.483140671093,Slc32a1-IRES-Cre;Ai14-379845.04.02.01,2018-03-15 21:07:32,
2018-03-16,P1S4_180316_001_A01,0.570440612588,Chrna2-Cre_OE25;Ai14-379153.04.01.01,2018-03-16 17:27:00,
2018-03-16,P1S4_180316_002_A01,1.0,Ndnf-IRES2-dgCre;Ai14-379866.03.01.01,2018-03-16 20:02:00,63x go
2018-03-16,P1S4_180316_003_A01,0.458637686037,Ndnf-IRES2-dgCre;Ai14-379866.03.01.02,2018-03-16 20:30:57,
2018-03-16,P8S4_180316_351_A01,0.833402657766,Chrna2-Cre_OE25;Ai14-379153.04.02.01,2018-03-16 16:48:34,63x no go
2018-03-16,P8S4_180316_352_A01,0.483140671093,Chrna2-Cre_OE25;Ai14-379153.04.02.02,2018-03-16 17:23:27,
2018-03-16,P8S4_180316_353_A01,1.0,Chrna2-Cre_OE25;Ai14-379153.05.01.01,2018-03-16 17:55:24,63x go
2018-03-16,P8S4_180316_354_A01,1.0,Chrna2-Cre_OE25;Ai14-379153.05.01.02,2018-03-16 18:22:15,
2018-03-16,P8S4_180316_355_A01,0.877796521074,Slc32a1-IRES-Cre;Ai14-379843.03.02.01,2018-03-16 20:24:45,63x no go
2018-03-16,P8S4_180316_356_A01,1.0,Slc32a1-IRES-Cre;Ai14-379843.03.02.02,2018-03-16 20:50:47,63x go
2018-03-16,P8S4_180316_357_A01,0.570440612588,Ndnf-IRES2-dgCre;Ai14-379866.03.02.01,2018-03-16 21:25:01,
2018-03-16,P9S4_180316_401_A01,0.132003134637,Chrna2-Cre_OE25;Ai14-379153.03.01.01,2018-03-16 16:53:03,
2018-03-16,P9S4_180316_402_A01,0.761111411037,Slc32a1-IRES-Cre;Ai14-379843.03.01.01,2018-03-16 17:44:28,
2018-03-16,P9S4_180316_403_A01,0.329975100722,Slc32a1-IRES-Cre;Ai14-379843.03.01.02,2018-03-16 18:13:05,
2018-03-16,PAS4_180316_451_A01,0.912283928104,Slc32a1-IRES-Cre;Ai14-379843.06.02.01,2018-03-16 18:11:54,63x go
2018-03-16,PAS4_180316_452_A01,0.132003134637,Slc32a1-IRES-Cre;Ai14-379843.06.01.01,2018-03-16 19:31:43,
2018-03-16,PBS4_180316_501_A01,0.833402657766,Chrna2-Cre_OE25;Ai14-379153.05.02.01,2018-03-16 17:33:02,63x go
2018-03-16,PBS4_180316_502_A01,0.483140671093,Slc32a1-IRES-Cre;Ai14-379843.04.02.01,2018-03-16 19:00:11,
2018-03-16,PBS4_180316_503_A01,1.0,Ndnf-IRES2-dgCre;Ai14-379866.04.02.01,2018-03-16 20:48:39,63x go
2018-03-19,P1S4_180319_001_A01,0.877796521074,Sst-IRES-Cre;Ai14-381578.04.01.01,2018-03-19 17:31:26,63x go
2018-03-19,P1S4_180319_002_A01,0.880454162438,Sst-IRES-Cre;Ai14-381578.04.01.02,2018-03-19 17:51:21,63x go
2018-03-19,P1S4_180319_003_A01,0.0,Sst-IRES-Cre;Ai14-381578.04.01.03,2018-03-19 18:04:49,
2018-03-19,P1S4_180319_004_A01,1.0,Ndnf-IRES2-dgCre;Slc32a1-IRES2-FlpO;Ai65-380156.05.01.01,2018-03-19 20:44:30,63x go
2018-03-19,P1S4_180319_005_A01,1.0,Htr3a-Cre_NO152;Ai14-381042.03.01.01,2018-03-19 21:37:32,63x go
2018-03-19,P8S4_180319_351_A01,0.703207783455,Sst-IRES-Cre;Ai14-381578.04.02.01,2018-03-19 17:37:09,63x no go
2018-03-19,P8S4_180319_352_A01,1.0,Sst-IRES-Cre;Ai14-381578.04.02.02,2018-03-19 17:57:39,63x go
2018-03-19,P8S4_180319_353_A01,0.912283928104,Pvalb-IRES-Cre;Ai14-380351.05.01.01,2018-03-19 18:33:12,63x go
2018-03-19,P8S4_180319_354_A01,1.0,Ndnf-IRES2-dgCre;Slc32a1-IRES2-FlpO;Ai65-380156.04.02.01,2018-03-19 20:40:13,63x no go
2018-03-19,P8S4_180319_355_A01,1.0,Ndnf-IRES2-dgCre;Slc32a1-IRES2-FlpO;Ai65-380156.02.02.01,2018-03-19 21:29:43,63x go
2018-03-19,P8S4_180319_356_A01,1.0,Ndnf-IRES2-dgCre;Slc32a1-IRES2-FlpO;Ai65-380156.02.01.01,2018-03-19 22:10:06,63x go
2018-03-19,P8S4_180319_357_A01,0.562351238631,Htr3a-Cre_NO152;Ai14-381042.03.02.01,2018-03-19 22:51:58,
2018-03-19,P8S4_180319_358_A01,0.883049697155,Htr3a-Cre_NO152;Ai14-381042.03.02.02,2018-03-19 23:13:51,63x go
2018-03-19,P9S4_180319_401_A01,1.0,Sst-IRES-Cre;Ai14-381578.03.01.01,2018-03-19 16:47:14,63x go
2018-03-19,P9S4_180319_402_A01,0.458637686037,Sst-IRES-Cre;Ai14-381578.03.01.02,2018-03-19 17:14:37,
2018-03-19,P9S4_180319_403_A01,0.912283928104,Pvalb-IRES-Cre;Ai14-380351.02.01.01,2018-03-19 17:50:24,63x go
2018-03-19,P9S4_180319_404_A01,0.912283928104,Pvalb-IRES-Cre;Ai14-380351.02.01.02,2018-03-19 18:19:22,
2018-03-19,P9S4_180319_405_A01,1.0,Sst-IRES-Cre;Ai14-381578.05.01.01,2018-03-19 20:40:35,63x no go
2018-03-19,P9S4_180319_406_A01,1.0,Ndnf-IRES2-dgCre;Slc32a1-IRES2-FlpO;Ai65-380156.03.01.01,2018-03-19 21:14:07,63x go
2018-03-19,PAS4_180319_451_A01,0.329975100722,Sst-IRES-Cre;Ai14-381578.06.01.01,2018-03-19 16:54:43,
2018-03-19,PAS4_180319_452_A01,0.483140671093,Pvalb-IRES-Cre;Ai14-380351.04.02.01,2018-03-19 18:05:32,
2018-03-19,PAS4_180319_453_A01,0.877796521074,Pvalb-IRES-Cre;Ai14-380351.04.01.01,2018-03-19 19:15:57,63x go
2018-03-19,PAS4_180319_454_A01,1.0,Ndnf-IRES2-dgCre;Slc32a1-IRES2-FlpO;Ai65-380156.04.01.01,2018-03-19 21:10:09,
2018-03-19,PAS4_180319_455_A01,1.0,Htr3a-Cre_NO152;Ai14-381042.04.02.01,2018-03-19 22:19:00,
2018-03-19,PBS4_180319_501_A01,0.703207783455,Sst-IRES-Cre;Ai14-381578.02.01.01,2018-03-19 18:18:07,
2018-03-19,PBS4_180319_502_A01,0.458637686037,Pvalb-IRES-Cre;Ai14-380351.03.01.01,2018-03-19 19:21:39,
2018-03-19,PBS4_180319_503_A01,0.458637686037,Pvalb-IRES-Cre;Ai14-380351.03.01.02,2018-03-19 19:52:37,
2018-03-19,PBS4_180319_504_A01,1.0,Htr3a-Cre_NO152;Ai14-381042.02.01.01,2018-03-19 21:46:57,63x go
2018-03-19,PBS4_180319_505_A01,0.329975100722,Htr3a-Cre_NO152;Ai14-381042.02.01.02,2018-03-19 22:23:21,
2018-03-23,PAS4_180323_451_A01,0.912283928104,Htr3a-Cre_NO152;Ai14-381048.05.02.01,2018-03-23 17:51:53,63x go
2018-03-23,PAS4_180323_452_A01,0.483140671093,Chrna2-Cre_OE25;Ai14-379154.03.01.01,2018-03-23 18:58:41,
2018-03-27,P1S4_180327_001_A01,1.0,Vip-IRES-Cre;Ai14-381886.04.01.01,2018-03-27 17:26:06,63x no go
2018-03-27,P1S4_180327_002_A01,1.0,Vip-IRES-Cre;Ai14-381886.04.01.02,2018-03-27 17:57:30,
2018-03-27,P1S4_180327_003_A01,1.0,Vip-IRES-Cre;Ai14-381886.04.01.03,2018-03-27 18:19:32,
2018-03-27,P1S4_180327_004_A01,0.458637686037,Ndnf-IRES2-dgCre;Slc32a1-IRES2-FlpO;Ai65-381810.04.01.01,2018-03-27 21:12:06,
2018-03-27,P1S4_180327_005_A01,0.688578426527,Ndnf-IRES2-dgCre;Slc32a1-IRES2-FlpO;Ai65-381810.04.01.02,2018-03-27 21:25:25,
2018-03-27,P2S4_180327_051_A01,0.0,Gad2-IRES-Cre;Ai14-380655.03.02.01,2018-03-27 19:03:55,
2018-03-27,P2S4_180327_052_A01,1.0,Gad2-IRES-Cre;Ai14-380655.03.02.02,2018-03-27 19:31:40,63x no go
2018-03-27,P8S4_180327_351_A01,0.483140671093,Gad2-IRES-Cre;Ai14-380655.02.02.01,2018-03-27 17:18:29,
2018-03-27,P8S4_180327_352_A01,1.0,Gad2-IRES-Cre;Ai14-380655.02.02.02,2018-03-27 17:39:47,63x no go
2018-03-27,P8S4_180327_353_A01,0.784887129812,Gad2-IRES-Cre;Ai14-380655.02.02.03,2018-03-27 18:05:19,63x no go
2018-03-27,P9S4_180327_401_A01,0.883049697155,Vip-IRES-Cre;Ai14-381886.03.01.01,2018-03-27 16:55:11,63x no go
2018-03-27,PAS4_180327_451_A01,0.770912075574,Vip-IRES-Cre;Ai14-381886.05.02.01,2018-03-27 17:02:10,63x no go
2018-03-27,PAS4_180327_452_A01,0.912283928104,Gad2-IRES-Cre;Ai14-380655.03.01.01,2018-03-27 17:56:28,
2018-03-27,PAS4_180327_453_A01,0.132003134637,Ndnf-IRES2-dgCre;Slc32a1-IRES2-FlpO;Ai65-381810.05.01.01,2018-03-27 21:52:41,
2018-03-27,PBS4_180327_501_A01,0.562351238631,Vip-IRES-Cre;Ai14-381886.03.02.01,2018-03-27 17:42:03,
2018-03-27,PBS4_180327_502_A01,1.0,Gad2-IRES-Cre;Ai14-380655.04.02.01,2018-03-27 19:02:39,63x no go
2018-03-27,PBS4_180327_503_A01,1.0,Ndnf-IRES2-dgCre;Slc32a1-IRES2-FlpO;Ai65-381810.03.01.01,2018-03-27 21:22:17,63x no go
2018-03-27,PBS4_180327_504_A01,1.0,Gad2-IRES-Cre;Ai14-380655.01.02.01,2018-03-27 21:59:17,63x no go
2018-03-30,P1S4_180330_001_A01,1.0,Vip-IRES-Cre;Ai14-382260.02.02.01,2018-03-30 20:30:21,63x no go
2018-03-30,P1S4_180330_002_A01,1.0,Slc17a8-IRES2-Cre;Ai14-382382.03.01.01,2018-03-30 21:06:33,
2018-03-30,P1S4_180330_003_A01,1.0,Slc17a8-IRES2-Cre;Ai14-382382.03.01.02,2018-03-30 21:19:02,
2018-03-30,P2S4_180330_051_A01,1.0,Vip-IRES-Cre;Ai14-381891.03.02.01,2018-03-30 18:20:14,63x no go
2018-03-30,P2S4_180330_052_A01,1.0,Vip-IRES-Cre;Ai14-382260.04.01.01,2018-03-30 20:15:30,63x no go
2018-03-30,P2S4_180330_053_A01,0.562351238631,Vip-IRES-Cre;Ai14-382260.04.01.02,2018-03-30 20:50:47,
2018-03-30,P2S4_180330_054_A01,0.745543241426,Vip-IRES-Cre;Ai14-382260.04.01.03,2018-03-30 21:19:50,
2018-03-30,P2S4_180330_055_A01,0.883049697155,Vip-IRES-Cre;Ai14-382260.04.01.04,2018-03-30 21:57:50,63x go
2018-03-30,P8S4_180330_351_A01,0.795896504885,Vip-IRES-Cre;Ai14-381891.04.02.01,2018-03-30 17:10:16,63x no go
2018-03-30,P8S4_180330_352_A01,0.458637686037,Vip-IRES-Cre;Ai14-381891.04.02.02,2018-03-30 17:32:21,
2018-03-30,P8S4_180330_353_A01,0.562351238631,Vip-IRES-Cre;Ai14-381891.05.02.01,2018-03-30 18:30:39,
2018-03-30,P8S4_180330_354_A01,0.745543241426,Vip-IRES-Cre;Ai14-382260.03.02.01,2018-03-30 20:21:13,
2018-03-30,P8S4_180330_355_A01,1.0,Vip-IRES-Cre;Ai14-382260.03.02.02,2018-03-30 20:45:17,63x no go
2018-03-30,P8S4_180330_356_A01,0.883049697155,Vip-IRES-Cre;Ai14-382260.04.02.01,2018-03-30 21:38:39,63x no go
2018-03-30,P8S4_180330_357_A01,1.0,Vip-IRES-Cre;Ai14-382260.04.02.02,2018-03-30 22:01:29,63x no go
2018-03-30,PAS4_180330_451_A01,0.562351238631,Vip-IRES-Cre;Ai14-381891.05.01.01,2018-03-30 18:59:58,
2018-03-30,PAS4_180330_452_A01,1.0,Slc17a8-IRES2-Cre;Ai14-382382.05.02.01,2018-03-30 21:31:35,
2018-03-30,PBS4_180330_501_A01,0.745543241426,Vip-IRES-Cre;Ai14-381891.02.02.01,2018-03-30 18:51:15,
2018-03-30,PBS4_180330_502_A01,0.912283928104,Chrna2-Cre_OE25;Pvalb-T2A-FlpO;Ai65-381164.03.01.01,2018-03-30 19:34:43,63x no go
2018-03-30,PBS4_180330_503_A01,1.0,Chrna2-Cre_OE25;Pvalb-T2A-FlpO;Ai65-381164.03.01.02,2018-03-30 20:03:05,63x no go
2018-03-30,PBS4_180330_504_A01,0.877796521074,Slc17a8-IRES2-Cre;Ai14-382382.04.01.01,2018-03-30 22:04:28,
2018-03-30,PBS4_180330_505_A01,1.0,Slc17a8-IRES2-Cre;Ai14-382382.04.02.01,2018-03-30 23:07:29,
2018-04-02,P1S4_180402_001_A01,1.0,Sst-IRES-Cre;Ai14-382539.03.01.01,2018-04-02 17:35:28,63x no go
2018-04-02,P1S4_180402_002_A01,1.0,Sst-IRES-Cre;Ai14-382539.03.01.02,2018-04-02 18:07:15,63x go
2018-04-02,P1S4_180402_003_A01,1.0,Th-Cre_FI172;Ai14-382502.03.01.01,2018-04-02 20:44:23,
2018-04-02,P1S4_180402_004_A01,0.562351238631,Vip-IRES-Cre;Ai14-382261.04.01.01,2018-04-02 21:16:01,
2018-04-02,P1S4_180402_005_A01,0.562351238631,Vip-IRES-Cre;Ai14-382261.04.01.02,2018-04-02 21:38:39,
2018-04-02,P2S4_180402_051_A01,1.0,Rbp4-Cre_KL100;Ai14-382104.01.02.01,2018-04-02 20:12:02,
2018-04-02,P2S4_180402_052_A01,1.0,Rbp4-Cre_KL100;Ai14-382104.01.02.02,2018-04-02 20:52:49,
2018-04-02,P2S4_180402_053_A01,0.570440612588,Rbp4-Cre_KL100;Ai14-382104.01.02.03,2018-04-02 21:40:17,
2018-04-02,P2S4_180402_054_A01,1.0,Th-Cre_FI172;Ai14-382502.03.02.01,2018-04-02 22:51:58,63x no go
2018-04-02,P8S4_180402_351_A01,0.329975100722,Sst-IRES-Cre;Ai14-382539.04.02.01,2018-04-02 16:52:47,
2018-04-02,P8S4_180402_352_A01,0.329975100722,Sst-IRES-Cre;Ai14-382539.04.02.02,2018-04-02 17:20:00,
2018-04-02,P8S4_180402_353_A01,0.78351045703,Rbp4-Cre_KL100;Ai14-382104.02.02.01,2018-04-02 19:57:24,
2018-04-02,P8S4_180402_354_A01,0.0,Rbp4-Cre_KL100;Ai14-382104.02.02.02,2018-04-02 20:15:09,
2018-04-02,P8S4_180402_355_A01,0.329975100722,Vip-IRES-Cre;Ai14-382261.04.02.01,2018-04-02 21:17:42,
2018-04-02,P8S4_180402_356_A01,0.562351238631,Vip-IRES-Cre;Ai14-382261.03.02.01,2018-04-02 22:31:47,
2018-04-02,P9S4_180402_401_A01,1.0,Rbp4-Cre_KL100;Ai14-382104.03.01.01,2018-04-02 17:40:27,
2018-04-02,P9S4_180402_402_A01,0.78351045703,Rbp4-Cre_KL100;Ai14-382104.02.01.01,2018-04-02 20:01:31,
2018-04-02,P9S4_180402_403_A01,0.883049697155,Vip-IRES-Cre;Ai14-382261.03.01.01,2018-04-02 20:44:53,63x no go
2018-04-02,P9S4_180402_404_A01,0.562351238631,Vip-IRES-Cre;Ai14-382261.03.01.02,2018-04-02 21:04:35,
2018-04-02,PAS4_180402_451_A01,0.690887111569,Rbp4-Cre_KL100;Ai14-382104.03.02.01,2018-04-02 19:23:56,
2018-04-02,PBS4_180402_501_A01,1.0,Sst-IRES-Cre;Ai14-382539.03.02.01,2018-04-02 17:00:56,63x no go
2018-04-02,PBS4_180402_502_A01,1.0,Sst-IRES-Cre;Ai14-382539.03.02.02,2018-04-02 17:21:25,63x no go
2018-04-02,PBS4_180402_503_A01,1.0,Rbp4-Cre_KL100;Ai14-382104.04.02.01,2018-04-02 18:27:49,
2018-04-02,PBS4_180402_504_A01,1.0,Rbp4-Cre_KL100;Ai14-382104.04.02.02,2018-04-02 19:04:56,
2018-03-28,P2S4_180328_051_A01,0.562351238631,Vip-IRES-Cre;Ai14-381889.03.01.01,2018-03-28 16:38:20,
2018-03-28,P2S4_180328_052_A01,0.926189802765,Vip-IRES-Cre;Ai14-381890.04.01.01,2018-03-28 18:18:23,
2018-03-28,P2S4_180328_053_A01,1.0,Vip-IRES-Cre;Ai14-381890.04.01.02,2018-03-28 19:01:47,
2018-03-28,P2S4_180328_054_A01,1.0,Oxtr-T2A-Cre;Ai14-381904.03.02.01,2018-03-28 20:54:03,
2018-03-28,P2S4_180328_055_A01,0.761111411037,Oxtr-T2A-Cre;Ai14-381904.03.02.02,2018-03-28 21:45:07,
2018-03-28,P2S4_180328_056_A01,0.784887129812,Oxtr-T2A-Cre;Ai14-381904.03.02.03,2018-03-28 22:33:39,
2018-03-28,P8S4_180328_351_A01,1.0,Vip-IRES-Cre;Ai14-381889.04.02.01,2018-03-28 17:17:30,
2018-03-28,P8S4_180328_352_A01,0.329975100722,Vip-IRES-Cre;Ai14-381890.04.02.01,2018-03-28 18:07:55,
2018-03-28,P8S4_180328_353_A01,0.688578426527,Ndnf-IRES2-dgCre;Slc32a1-IRES2-FlpO;Ai65-381812.04.02.01,2018-03-28 17:17:30,
2018-03-28,P8S4_180328_354_A01,1.0,Oxtr-T2A-Cre;Ai14-381904.04.02.01,2018-03-28 21:41:32,
2018-03-28,P8S4_180328_355_A01,1.0,Oxtr-T2A-Cre;Ai14-381904.04.02.02,2018-03-28 22:26:30,
2018-03-28,PAS4_180328_451_A01,0.868812855462,Vip-IRES-Cre;Ai14-381889.05.01.01,2018-03-28 17:12:33,
2018-03-28,PAS4_180328_452_A01,0.745543241426,Vip-IRES-Cre;Ai14-381889.05.01.02,2018-03-28 18:32:47,
2018-03-28,PAS4_180328_453_A01,0.833402657766,Vip-IRES-Cre;Ai14-381890.02.01.01,2018-03-28 19:21:04,
2018-03-28,PAS4_180328_454_A01,0.761111411037,Oxtr-T2A-Cre;Ai14-381904.03.01.01,2018-03-28 21:01:19,
2018-03-28,PAS4_180328_455_A01,0.761111411037,Oxtr-T2A-Cre;Ai14-381904.03.01.02,2018-03-28 21:57:28,
2018-03-28,PBS4_180328_501_A01,1.0,Vip-IRES-Cre;Ai14-381890.02.02.01,2018-03-28 18:22:19,
2018-03-28,PBS4_180328_502_A01,1.0,Ndnf-IRES2-dgCre;Slc32a1-IRES2-FlpO;Ai65-381812.03.01.01,2018-03-28 18:22:19,
2018-04-02,PBS4_180402_505_A01,0.885189065143,,,
2018-04-02,PBS4_180402_506_A01,0.609373997145,,,
2018-04-03,P1S4_180403_001_A01,0.329975100722,Slc17a7-IRES2-Cre;Ai14-382512.03.01.01,2018-04-03 17:25:04,
2018-04-03,P1S4_180403_002_A01,0.609373997145,Slc17a7-IRES2-Cre;Ai14-382512.02.02.01,2018-04-03 18:03:04,
2018-04-03,P1S4_180403_003_A01,1.0,Slc17a7-IRES2-Cre;Ai14-382512.02.02.02,2018-04-03 18:20:34,
2018-04-03,P2S4_180403_051_A01,0.833402657766,Slc17a7-IRES2-Cre;Ai14-382512.03.02.01,2018-04-03 17:24:15,
2018-04-03,P2S4_180403_052_A01,1.0,Slc17a7-IRES2-Cre;Ai14-382512.03.02.02,2018-04-03 17:56:03,
2018-04-03,P2S4_180403_053_A01,0.78351045703,Slc17a7-IRES2-Cre;Ai14-382512.03.02.03,2018-04-03 18:32:56,
2018-04-03,P2S4_180403_054_A01,0.690887111569,Slc17a7-IRES2-Cre;Ai14-382512.03.02.04,2018-04-03 19:23:16,
2018-04-03,P2S4_180403_055_A01,0.868812855462,Vip-IRES-Cre;Ai14-382262.03.02.01,2018-04-03 21:49:28,
2018-04-03,P2S4_180403_056_A01,1.0,Vip-IRES-Cre;Ai14-382262.03.02.02,2018-04-03 22:28:07,
2018-04-03,P8S4_180403_351_A01,0.483140671093,Sst-IRES-Cre;Ai14-382542.04.02.01,2018-04-03 16:42:59,
2018-04-03,P8S4_180403_352_A01,1.0,Sst-IRES-Cre;Ai14-382542.04.02.02,2018-04-03 17:05:58,
2018-04-03,P8S4_180403_353_A01,1.0,Slc17a7-IRES2-Cre;Ai14-382512.01.01.01,2018-04-03 20:06:51,
2018-04-03,P8S4_180403_354_A01,1.0,Th-Cre_FI172;Ai14-382500.04.02.01,2018-04-03 20:52:31,
2018-04-03,P8S4_180403_355_A01,0.745543241426,Vip-IRES-Cre;Ai14-382262.04.02.01,2018-04-03 21:28:48,
2018-04-03,P8S4_180403_356_A01,0.745543241426,Vip-IRES-Cre;Ai14-382262.05.01.01,2018-04-03 22:45:00,
2018-04-03,P9S4_180403_401_A01,0.889103443003,Sst-IRES-Cre;Ai14-382542.03.01.01,2018-04-03 16:49:41,
2018-04-03,P9S4_180403_402_A01,0.483140671093,Sst-IRES-Cre;Ai14-382542.03.01.02,2018-04-03 17:05:55,
2018-04-03,P9S4_180403_403_A01,1.0,Slc17a7-IRES2-Cre;Ai14-382512.02.01.01,2018-04-03 17:34:51,
2018-04-03,P9S4_180403_404_A01,0.570440612588,Slc17a7-IRES2-Cre;Ai14-382512.02.01.02,2018-04-03 17:59:41,
2018-04-03,P9S4_180403_405_A01,1.0,Vip-IRES-Cre;Ai14-382262.03.01.01,2018-04-03 20:43:46,
2018-04-03,P9S4_180403_406_A01,0.329975100722,Vip-IRES-Cre;Ai14-382262.04.01.01,2018-04-03 21:42:08,
2018-04-03,P9S4_180403_407_A01,1.0,Slc17a7-IRES2-Cre;Ai14-382510.04.01.01,2018-04-03 22:33:37,
2018-04-03,PAS4_180403_451_A01,1.0,Sst-IRES-Cre;Ai14-382542.06.02.01,2018-04-03 18:49:08,
2018-04-03,PAS4_180403_452_A01,0.750591919695,Sst-IRES-Cre;Ai14-382542.06.02.02,2018-04-03 19:16:16,
2018-04-03,PBS4_180403_501_A01,1.0,Sst-IRES-Cre;Ai14-382542.03.02.01,2018-04-03 17:10:00,
2018-04-03,PBS4_180403_502_A01,0.889103443003,Sst-IRES-Cre;Ai14-382542.03.02.02,2018-04-03 17:41:01,
2018-04-03,PBS4_180403_503_A01,0.329975100722,,,
2018-04-03,PBS4_180403_504_A01,0.329975100722,Sst-IRES-Cre;Ai14-382542.05.02.02,2018-04-03 18:50:39,
2018-04-03,PBS4_180403_505_A01,0.712858350661,Th-Cre_FI172;Ai14-382500.04.01.01,2018-04-03 20:44:15,
2018-04-03,PBS4_180403_506_A01,1.0,Th-Cre_FI172;Ai14-382500.03.02.01,2018-04-03 21:25:00,
2018-04-03,PBS4_180403_507_A01,0.329975100722,Slc17a7-IRES2-Cre;Ai14-382510.04.02.01,2018-04-03 22:45:03,
2018-04-03,PXS4_180403_151_A01,0.329975100722,,,
2018-04-03,PXS4_180403_152_A01,0.329975100722,,,
2018-04-03,PXS4_180403_153_A01,0.132003134637,,,
2018-04-03,PXS4_180403_154_A01,0.0,,,
2018-04-03,PXS4_180403_155_A01,0.329975100722,,,
2018-04-03,PXS4_180403_551_A01,0.329975100722,,,
2018-04-03,PXS4_180403_552_A01,0.703207783455,,,
2018-04-03,PXS4_180403_553_A01,0.483140671093,,,
2018-04-03,PXS4_180403_554_A01,0.0,,,
2018-04-04,P1S4_180404_001_A01,1.0,Sst-IRES-Cre;Ai14-382543.04.01.01,2018-04-04 17:24:20,
2018-04-04,P1S4_180404_002_A01,1.0,Sst-IRES-Cre;Ai14-382543.04.01.02,2018-04-04 17:46:19,
2018-04-04,P1S4_180404_003_A01,0.329975100722,Sst-IRES-Cre;Ai14-382543.04.01.03,2018-04-04 17:57:00,
2018-04-04,P2S4_180404_051_A01,0.912283928104,Slc32a1-IRES-Cre;Ai14-382769.04.01.01,2018-04-04 17:59:07,
2018-04-04,P2S4_180404_052_A01,0.912283928104,Slc32a1-IRES-Cre;Ai14-382769.04.01.02,2018-04-04 18:41:01,
2018-04-04,P2S4_180404_053_A01,0.745543241426,,,
2018-04-04,P2S4_180404_054_A01,0.562351238631,Th-Cre_FI172;Ai14-382501.03.01.01,2018-04-04 22:37:01,
2018-04-04,P2S4_180404_055_A01,0.458637686037,Th-Cre_FI172;Ai14-382501.03.01.02,2018-04-04 23:10:02,
2018-04-04,P8S4_180404_351_A01,0.880454162438,Sst-IRES-Cre;Ai14-382543.04.02.01,2018-04-04 16:51:33,
2018-04-04,P8S4_180404_352_A01,1.0,Sst-IRES-Cre;Ai14-382543.04.02.02,2018-04-04 17:16:11,
2018-04-04,P8S4_180404_353_A01,0.877796521074,Slc32a1-IRES-Cre;Ai14-382769.04.02.01,2018-04-04 18:00:08,
2018-04-04,P8S4_180404_354_A01,0.690887111569,Slc32a1-IRES-Cre;Ai14-382769.04.02.02,2018-04-04 18:22:58,
2018-04-04,P8S4_180404_355_A01,1.0,Th-Cre_FI172;Ai14-382501.04.02.01,2018-04-04 20:14:17,
2018-04-04,P8S4_180404_356_A01,1.0,Th-Cre_FI172;Ai14-382501.04.02.02,2018-04-04 20:40:38,
2018-04-04,P8S4_180404_357_A01,0.329975100722,Th-Cre_FI172;Ai14-382501.03.02.01,2018-04-04 21:39:55,
2018-04-04,P8S4_180404_358_A01,1.0,Vip-IRES-Cre;Ai14-382264.04.02.01,2018-04-04 22:33:42,
2018-04-04,PAS4_180404_451_A01,1.0,Sst-IRES-Cre;Ai14-382543.05.02.01,2018-04-04 17:40:50,
2018-04-04,PAS4_180404_452_A01,0.745543241426,Th-Cre_FI172;Ai14-382501.05.02.01,2018-04-04 22:26:55,
2018-04-04,PBS4_180404_501_A01,0.872647964636,Sst-IRES-Cre;Ai14-382543.03.01.01,2018-04-04 17:02:06,
2018-04-04,PBS4_180404_502_A01,1.0,Sst-IRES-Cre;Ai14-382543.03.01.02,2018-04-04 17:27:28,
2018-04-04,PBS4_180404_503_A01,0.797260969559,Slc32a1-IRES-Cre;Ai14-382769.03.01.01,2018-04-04 18:14:31,
2018-04-04,PBS4_180404_504_A01,0.901791210669,Slc32a1-IRES-Cre;Ai14-382769.03.01.02,2018-04-04 18:39:35,
2018-04-04,PBS4_180404_505_A01,0.877796521074,Slc32a1-IRES-Cre;Ai14-382769.03.02.01,2018-04-04 20:58:34,
2018-04-04,PBS4_180404_506_A01,1.0,Th-Cre_FI172;Ai14-382501.04.01.01,2018-04-04 22:00:41,
2018-04-04,PBS4_180404_507_A01,1.0,Th-Cre_FI172;Ai14-382501.04.01.02,2018-04-04 22:33:20,
